tinh,huyen,xa,lhdn,co_khucn,khucn,tthd,nganh_kd,tsld,tsldnu,tn1,ts12,ts22,ts82,ts252,ts262,ts272,kqkd1,kqkd9,kqkd18,nns11,nns12
01,276,09997,11,1.0,1.0,1,26400,530.0,465.0,57569.0,125061.0,41469.0,,8197.0,,110.0,132972.0,2732.0,7725.0,439.0,439.0
01,276,09997,11,1.0,1.0,1,26100,2085.0,1174.0,233334.0,5816758.0,1501824.0,10636.0,318017.0,269.0,19671.0,4379588.0,105456.0,6041.0,13116.0,13116.0
01,250,08989,11,1.0,1.0,1,26100,1039.0,972.0,68038.0,541797.0,377259.0,,36783.0,107.0,109.0,977339.0,3359.0,8291.0,840.0,477.0
01,017,00514,11,1.0,1.0,1,26100,4272.0,3919.0,536533.0,7580928.0,2073487.0,,549624.0,103.0,14903.0,6650985.0,91302.0,16239.0,104496.0,120410.0
01,250,08989,11,1.0,1.0,1,26520,58.0,41.0,7864.0,10320.0,7743.0,,216.0,6.0,,17785.0,2044.0,10.0,1810.5,1243.0
01,276,09997,11,1.0,1.0,1,26400,820.0,564.0,62081.0,318214.0,173202.0,,45632.0,69.0,43.0,307692.0,563.0,1749.0,5.0,5.0
01,017,00493,11,1.0,1.0,1,26200,20391.0,18270.0,1478579.0,12483640.0,9450775.0,316495.0,316126.0,10956.0,129471.0,33058373.0,39532.0,1175.0,76339.0,74069.0
01,250,08989,11,1.0,1.0,1,26100,1201.0,1139.0,93683.0,316110.0,272758.0,,6757.0,166.0,283.0,727412.0,2969.0,29.0,58202.0,58360.0
01,250,08973,11,1.0,1.0,1,26100,39.0,25.0,2214.0,25577.0,15403.0,,1476.0,70.0,22.0,16312.0,21.0,646.0,3.0,3.0
01,017,00514,11,1.0,1.0,1,26300,3082.0,2673.0,330146.0,2267732.0,2154014.0,,77225.0,588.0,3708.0,5412797.0,2063.0,4358.0,37657.0,37737.0
01,250,08989,13,1.0,1.0,1,26100,20.0,2.0,2920.0,18897.0,9047.0,,2196.0,161.0,,13816.0,155.0,7.0,1070.0,1080.0
01,017,00493,11,1.0,1.0,1,26100,1549.0,1421.0,193292.0,195124.0,124197.0,,60230.0,27.0,1354.0,999596.0,22024.0,19278.0,6393.0,7104.0
01,250,08989,11,1.0,1.0,1,26100,410.0,360.0,15431.0,11725.0,4186.0,,2860.0,,292.0,18020.0,346.0,5763.0,275.0,274.0
01,250,08989,11,1.0,1.0,1,26100,1155.0,1055.0,161608.0,469002.0,92912.0,,29428.0,,757.0,529229.0,4321.0,2612.0,22445.0,16887.0
01,250,08989,11,1.0,1.0,1,26300,543.0,515.0,32144.0,25687.0,20672.0,,153.0,121.0,80.0,73354.0,9.0,1208.0,3469.0,3526.0
01,001,00019,10,2.0,,1,26300,450.0,110.0,37106.0,958577.0,704581.0,2770.0,5330.0,594.0,98.0,1235516.0,25167.0,850.0,70834.0,69407.0
01,004,00148,11,1.0,2.0,1,26700,842.0,653.0,23552.0,792060.0,348430.0,,22513.0,,,536641.0,4921.0,,708.0,3019.0
01,017,00514,11,1.0,2.0,1,26300,150.0,119.0,18001.0,121656.0,71662.0,,5555.0,,,191541.0,785.0,4244.0,892.0,807.0
01,250,08973,11,1.0,1.0,1,26100,49.0,10.0,7820.0,72834.0,63141.0,,2522.0,96.0,65.0,72191.0,1574.0,250.0,3848.0,3848.0
01,017,00514,11,1.0,1.0,1,26700,165.0,131.0,106724.0,361012.0,290012.0,,11578.0,181.0,5223.0,344655.0,67.0,250.0,13476.0,14831.0
01,250,08973,11,1.0,1.0,1,26100,1120.0,1011.0,120666.0,692549.0,479420.0,,47148.0,,424.0,2224782.0,2196.0,69622.0,1691.0,2271.0
01,017,00493,11,1.0,1.0,1,26100,633.0,529.0,42338.0,290129.0,219782.0,,4636.0,53.0,79.0,341230.0,1042.0,,5909.0,5992.0
01,016,00409,11,1.0,2.0,1,26700,230.0,171.0,47362.9,113661.0,49859.0,,7322.0,,372.0,124639.0,1001.0,,800.0,800.0
01,017,00478,11,1.0,1.0,1,26100,100.0,50.0,15933.0,113513.0,83710.0,,1900.0,,14.0,128462.0,7563.0,2489.0,9251.0,8848.0
01,250,08989,11,1.0,1.0,1,26400,1035.0,777.0,75029.0,825809.0,615287.0,,22630.0,602.0,1205.0,1787084.0,23570.0,9.0,120.0,120.0
01,016,00427,11,1.0,1.0,1,26700,1282.0,1030.0,67629.0,832623.0,211179.0,,28761.0,145.0,2330.0,882808.0,23751.0,944.0,15972.0,14827.0
01,021,00613,11,1.0,1.0,1,26100,185.0,148.0,20486.0,149478.0,138476.0,,1650.0,,,284226.0,176.0,4125.0,15631.0,15631.0
01,006,00199,11,2.0,,1,26510,10.0,5.0,1536.0,30827.0,26306.0,,6.0,,15.0,2287.0,1.0,4665.0,66.0,66.0
01,250,08973,11,1.0,1.0,1,26300,54.0,39.0,4758.0,23339.0,18594.0,,935.0,,,24059.0,73.0,2.0,2.0,2.0
01,008,00337,13,2.0,,1,26300,227.0,87.0,25316.0,139025.0,129169.0,31.0,895.0,347.0,1107.0,165847.0,347.0,12.0,1479.0,1479.0
01,250,08973,11,1.0,1.0,1,26100,74.0,43.0,9811.0,35915.0,16681.0,,5588.0,10.0,67.0,31527.0,622.0,850.0,209.0,209.0
01,276,09997,11,1.0,1.0,1,26100,30.0,10.0,4964.0,155876.0,124296.0,,1991.0,288.0,127.0,257847.0,2502.0,341.0,1892.0,1859.0
01,250,08989,11,1.0,2.0,1,26100,1.0,0.0,9887.0,76299.0,41192.0,,656.0,,2.0,18687.0,481.0,,7.0,7.0
01,268,09886,12,2.0,,1,26300,74.0,16.0,7906.0,232493.0,220410.0,,3915.0,245.0,,207751.0,818.0,44.0,26594.0,26690.0
01,017,00499,11,1.0,1.0,1,26100,591.0,535.0,55984.0,537365.0,348377.0,,14114.0,28.0,248.0,421428.0,36100.0,4751.0,9263.0,8336.0
01,250,08989,13,1.0,1.0,1,26100,473.0,249.0,52079.0,476938.0,251489.0,,16783.0,239.0,2671.0,448643.0,6748.0,279.0,44157.0,42744.0
01,250,08989,11,1.0,1.0,1,26100,685.0,411.0,71041.0,667569.0,212886.0,,26198.0,335.0,613.0,526750.0,9601.0,3664.0,12986.0,12857.0
01,276,09997,11,1.0,1.0,1,26400,979.0,820.0,60357.0,1463086.0,77786.0,,231754.0,381.0,25008.0,820484.0,1257.0,18488.0,1538.0,1470.0
01,002,00073,8,2.0,,1,26510,10.0,3.0,2243.0,7309.0,6577.0,,447.0,,,18578.0,177.0,,694.0,380.0
01,006,00187,8,2.0,,1,26100,7.0,3.0,475.0,742.0,742.0,,,,,446.0,,383.0,3.0,3.0
01,006,00223,9,2.0,,1,26100,8.0,2.0,145.0,4981.0,4981.0,,,,,5249.0,201.0,9.0,598.0,609.0
01,006,00223,9,2.0,,1,26510,23.0,5.0,1581.0,5931.0,5199.0,,47.0,150.0,,5480.0,,56.0,293.0,228.0
01,006,00232,9,2.0,,1,26400,3.0,1.0,209.0,1419.0,1419.0,,,,,786.0,,,79.0,79.0
01,277,10033,11,1.0,1.0,1,26100,112.0,106.0,25476.0,14542.0,11513.0,,250.0,43.0,,37835.0,,984.0,1897.0,1897.0
01,250,08973,11,1.0,1.0,1,26100,6.0,4.0,762.0,3224.0,1476.0,,168.0,,,1339.0,33.0,,341.0,341.0
01,017,00493,11,1.0,1.0,1,26510,433.0,310.0,22464.0,599496.0,183198.0,,,,,407713.0,11027.0,205.0,3.0,3.0
01,008,00328,8,2.0,,1,26200,3.0,1.0,81.0,506.0,485.0,,,,,279.0,,8.0,6.0,9.0
01,008,00328,9,2.0,,1,26300,10.0,4.0,516.0,6910.0,5835.0,,,37.0,,2352.0,14.0,,9.0,164.0
01,008,00304,8,2.0,,1,26100,44.0,25.0,4769.0,13518.0,10112.0,,,,210.0,31757.0,88.0,2.0,413.0,334.0
01,008,00304,8,2.0,,1,26510,4.0,1.0,72.0,1046.0,1046.0,,,,,472.0,,,68.0,68.0
01,008,00310,9,2.0,,1,26300,15.0,5.0,5957.0,96397.0,82197.0,,1130.0,,,136459.0,1859.0,0.0,27586.0,27422.0
01,008,00310,8,2.0,,1,26400,7.0,,336.0,9699.0,9458.0,,,,49.0,4123.0,3.0,1.0,1.0,1.0
01,005,00167,9,2.0,,1,26510,18.0,3.0,2329.0,21659.0,20365.0,,,308.0,,20458.0,611.0,19.0,1188.0,1482.0
01,005,00163,9,2.0,,1,26510,31.0,9.0,2535.0,20313.0,19689.0,,293.0,,,11647.0,2.0,,766.0,401.0
01,005,00167,8,2.0,,1,26100,7.0,1.0,2000.0,251411.0,239670.0,,2.0,8.0,442.0,4891.0,,14.0,213.0,4.0
01,009,00343,9,2.0,,1,26200,290.0,135.0,19698.0,24097.0,23887.0,,,,,34304.0,167.0,56.0,2514.0,2184.0
01,009,00367,8,2.0,,1,26510,206.0,93.0,25105.0,95342.0,83220.0,,38.0,436.0,534.0,125188.0,3776.0,840.0,10767.0,11901.0
01,009,00361,9,2.0,,1,26510,4.0,0.0,189.0,1129.0,1091.0,,,,,283.0,,1.0,24.0,1.0
01,268,09542,8,2.0,,1,26400,1.0,,7.0,514.0,75.0,,,107.0,,481.0,,,20.0,4.0
01,001,00034,9,2.0,,1,26100,32.0,13.0,4651.0,20716.0,20515.0,,,,,28059.0,28.0,,1750.0,5.0
01,008,00316,9,2.0,,1,26510,22.0,5.0,1688.0,15488.0,14593.0,,42.0,,,12695.0,14.0,2.0,475.0,608.0
01,019,00631,8,2.0,,1,26400,13.0,4.0,1355.0,1297.0,879.0,,205.0,,,2807.0,10.0,8.0,297.0,293.0
01,005,00167,8,2.0,,1,26200,53.0,5.0,9610.0,50276.0,50186.0,183.0,37.0,59.0,,863274.0,430.0,16.0,3681.0,3660.0
01,001,00006,8,2.0,,1,26300,46.0,18.0,2924.0,1025.0,996.0,,,,,3282.0,,,104.0,104.0
01,001,00007,8,2.0,,1,26400,7.0,1.0,648.0,1189.0,936.0,,,,,2282.0,,,113.0,83.0
01,002,00037,8,2.0,,1,26300,67.0,30.0,31908.0,97700.0,94024.0,,34.0,1131.0,68.0,209230.0,14826.0,151.0,12229.0,20900.0
01,002,00082,8,2.0,,1,26510,12.0,2.0,913.0,20048.0,18769.0,,153.0,,,9741.0,98.0,2.0,634.0,521.0
01,002,00082,8,2.0,,1,26600,9.0,5.0,504.0,3607.0,2825.0,,79.0,,33.0,1354.0,1.0,,26.0,5.0
01,003,00103,9,2.0,,1,26100,6.0,2.0,348.0,3222.0,3183.0,,,,,425.0,,4.0,1.0,27.0
01,003,00109,9,2.0,,1,26200,6.0,2.0,727.0,5757.0,4383.0,,,123.0,,5069.0,19.0,1.0,104.0,6.0
01,003,00103,8,2.0,,1,26100,15.0,2.0,2783.0,14382.0,14382.0,,,,,11047.0,5.0,,709.0,577.0
01,004,00121,8,2.0,,1,26400,23.0,13.0,283.0,10812.0,10576.0,,50.0,,,10.0,,,2.0,2.0
01,004,00124,8,2.0,,1,26400,3.0,1.0,136.0,500.0,500.0,,,,,411.0,,5.0,42.0,40.0
01,004,00154,9,2.0,,1,26510,6.0,2.0,352.0,5217.0,5217.0,,,,,2356.0,,21.0,131.0,99.0
01,004,00142,8,2.0,,1,26700,193.0,138.0,18427.0,29211.0,26044.0,,460.0,,,57880.0,160.0,,451.0,491.0
01,004,00154,8,2.0,,1,26300,250.0,146.0,12135.0,2079.0,1874.0,,,,,14565.0,,,27.0,276.0
01,005,00175,8,2.0,,1,26510,4.0,1.0,830.0,4005.0,3945.0,,,,,3290.0,27.0,7.0,360.0,351.0
01,005,00157,9,2.0,,1,26100,5.0,2.0,300.0,350.0,350.0,,,,,263.0,,,6.0,11.0
01,006,00190,9,2.0,,1,26100,10.0,1.0,904.0,5688.0,5002.0,,,,124.0,4131.0,29.0,12.0,278.0,237.0
01,006,00193,8,2.0,,1,26400,3.0,1.0,172.0,1731.0,1716.0,,31.0,,,1291.0,,,16.0,2.0
01,006,00211,8,2.0,,1,26510,23.0,6.0,790.0,4389.0,4192.0,,61.0,78.0,,4094.0,,,6.0,8.0
01,006,00205,9,2.0,,1,26510,19.0,5.0,1339.0,6970.0,5374.0,,,,,4870.0,7.0,82.0,329.0,265.0
01,007,00298,8,1.0,1.0,1,26520,67.0,40.0,9349.0,47124.0,27184.0,,860.0,787.0,150.0,30538.0,268.0,,886.0,1046.0
01,007,00283,8,2.0,,1,26510,20.0,9.0,2144.0,17170.0,15243.0,,,297.0,,15995.0,2.0,482.0,1354.0,1264.0
01,007,00277,9,2.0,,1,26510,5.0,2.0,248.0,1714.0,1714.0,,,,,561.0,,1.0,26.0,44.0
01,007,00277,8,2.0,,1,26100,4.0,1.0,224.0,745.0,745.0,,,,,838.0,5.0,,29.0,29.0
01,007,00277,9,2.0,,1,26100,45.0,6.0,4348.0,5164.0,5146.0,,,,,15392.0,,,3.0,181.0
01,007,00292,9,2.0,,1,26700,6.0,3.0,322.0,1647.0,1639.0,,,,,361.0,,,9.0,1.0
01,007,00268,9,2.0,,1,26300,6.0,4.0,1298.0,7031.0,4732.0,,99.0,1.0,,8425.0,19.0,32.0,455.0,376.0
01,008,00337,8,2.0,,1,26100,18.0,4.0,2920.0,22007.0,21459.0,,,,,22257.0,70.0,2327.0,941.0,786.0
01,008,00337,8,2.0,,1,26100,4.0,,111.0,1803.0,1777.0,,,,,279.0,,,13.0,1.0
01,008,00316,9,2.0,,1,26100,5.0,1.0,598.0,2110.0,2093.0,,,,,1152.0,,,77.0,20.0
01,008,00316,8,2.0,,1,26100,4.0,1.0,192.0,2692.0,2295.0,,42.0,,,870.0,,,19.0,2.0
01,008,00325,8,2.0,,1,26100,2.0,0.0,67.0,606.0,605.0,,,,,39.0,,,5.0,3.0
01,008,00307,8,2.0,,1,26510,5.0,1.0,266.0,2134.0,1638.0,,71.0,,,1924.0,,9.0,56.0,35.0
01,009,00358,9,2.0,,1,26520,36.0,7.0,1836.0,19601.0,16136.0,,218.0,393.0,,14266.0,,652.0,296.0,169.0
01,009,00358,8,2.0,,1,26510,8.0,5.0,914.0,3788.0,3266.0,,14.0,159.0,,2052.0,,,106.0,164.0
01,009,00364,8,2.0,,1,26510,3.0,3.0,0.0,17367.0,4378.0,,0.0,52.0,,338.0,,,8.0,3.0
01,009,00364,9,2.0,,1,26300,63.0,17.0,13147.0,41793.0,35174.0,,1162.0,822.0,60.0,64445.0,1255.0,277.0,5709.0,5215.0
01,009,00352,8,2.0,,1,26100,29.0,5.0,2377.0,8794.0,4237.0,,,618.0,,12251.0,128.0,4.0,189.0,58.0
01,017,00454,9,2.0,,1,26400,15.0,2.0,1582.0,10311.0,3924.0,,150.0,46.0,12.0,3790.0,,,465.0,418.0
01,017,00466,8,2.0,,1,26510,8.0,3.0,55.0,1779.0,1771.0,,,,,85.0,,,1.0,1.0
01,017,00520,8,2.0,,1,26510,2.0,1.0,109.0,683.0,653.0,0.0,,,,720.0,,,18.0,1.0
01,018,00559,8,1.0,1.0,1,26400,39.0,20.0,1964.0,23157.0,20052.0,,106.0,,,10394.0,,17.0,140.0,133.0
01,018,00583,9,1.0,1.0,1,26510,11.0,1.0,482.0,7667.0,5591.0,,62.0,,,4350.0,102.0,2.0,3.0,36.0
01,018,00532,8,2.0,,1,26510,5.0,2.0,226.0,2749.0,525.0,,257.0,,,3061.0,,,2.0,2.0
01,019,00628,8,2.0,,1,26100,2.0,1.0,1527.0,8858.0,8435.0,,,,,10773.0,39.0,,529.0,324.0
01,020,00667,8,2.0,,1,26400,4.0,,108.0,863.0,851.0,,,,,118.0,,2.0,4.0,2.0
01,020,00646,9,2.0,,1,26300,14.0,3.0,1132.0,3720.0,3526.0,,,,,3846.0,,,59.0,42.0
01,021,00619,8,2.0,,1,26510,3.0,1.0,172.0,2073.0,2073.0,,,,,2167.0,,,55.0,55.0
01,021,00613,9,1.0,1.0,1,26510,42.0,7.0,3338.0,33710.0,28834.0,,631.0,,,20334.0,6.0,87.0,764.0,766.0
01,250,08989,8,2.0,,1,26200,220.0,117.0,5761.0,3612.0,3091.0,,193.0,,,7615.0,169.0,,54.0,103.0
01,250,08989,9,1.0,1.0,1,26100,50.0,12.0,2940.0,25549.0,11060.0,,488.0,,,81592.0,3568.0,3.0,120.0,120.0
01,250,08989,8,2.0,,1,26200,10.0,2.0,395.0,1644.0,1412.0,,7.0,,,484.0,12.0,,1.0,1.0
01,250,08974,8,2.0,,1,26510,1.0,,292.0,202.0,202.0,,,,,343.0,,,1.0,1.0
01,268,09550,9,2.0,,1,26100,4.0,2.0,169.0,1033.0,913.0,,,,21.0,507.0,1.0,,7.6,7.6
01,268,09551,9,2.0,,1,26100,26.0,2.0,923.0,54936.0,45099.0,,,,,10874.0,,823.0,21.0,21.0
01,268,09551,9,2.0,,1,26400,17.0,8.0,585.0,1545.0,1399.0,,7.0,,,3067.0,,1.0,282.0,268.0
01,268,09552,8,2.0,,1,26510,13.0,2.0,1198.0,6516.0,5616.0,,36.0,,,3796.0,,5.0,76.0,149.0
01,268,09544,8,2.0,,1,26100,15.0,8.0,1525.0,3644.0,3616.0,,,5.0,,5318.0,9.0,,133.0,133.0
01,268,09568,9,2.0,,1,26100,44.0,7.0,2478.0,12739.0,8119.0,,174.0,104.0,,30467.0,150.0,216.0,223.0,223.0
01,268,09565,9,2.0,,1,26300,5.0,1.0,27.0,918.0,880.0,,,,,150.0,,,1.0,1.0
01,272,09766,8,2.0,,1,26100,3.0,2.0,5.0,1775.0,1733.0,,1.0,,,0.0,,,1.0,1.0
01,274,09877,8,2.0,,1,26300,5.0,3.0,153.0,6845.0,793.0,,18.0,,,471.0,,3.0,346.0,243.0
01,274,09871,8,2.0,,1,26510,5.0,2.0,143.0,19803.0,3221.0,,16.0,,,555.0,,16.0,2.0,2.0
01,274,09853,9,2.0,,1,26100,12.0,6.0,495.0,2907.0,2309.0,,12.0,,,2909.0,,124.0,108.0,427.0
01,274,09832,8,2.0,,1,26300,18.0,5.0,1646.0,10067.0,8388.0,,62.0,165.0,,11014.0,,3.0,30.0,5.0
01,276,09988,9,1.0,4.0,1,26200,12.0,3.0,630.0,2929.0,2929.0,,,,,2133.0,,,74.0,170.0
01,278,10144,8,2.0,,1,26510,12.0,4.0,134.0,4067.0,3455.0,,13.0,68.0,,1377.0,,,15.0,2.0
01,278,10144,8,2.0,,1,26300,11.0,3.0,960.0,25019.0,24983.0,,,,,30059.0,14.0,,3.0,3.0
01,278,10144,9,1.0,3.0,1,26510,10.0,6.0,376.0,7533.0,7533.0,,,,,3134.0,,,2.0,2.0
01,278,10144,8,2.0,,1,26510,18.0,9.0,1401.0,6894.0,6414.0,,,,,11948.0,,,32.0,2.0
01,278,10144,8,2.0,,1,26510,7.0,2.0,260.0,1779.0,1529.0,,,,,1699.0,,,87.0,2.0
01,278,10144,8,2.0,,1,26510,14.0,6.0,672.0,6958.0,6958.0,,,,,11528.0,,,2.0,2.0
01,278,10144,9,2.0,,1,26510,19.0,10.0,1716.0,14034.0,12054.0,,,,,31061.0,67.0,,116.0,3.0
01,278,10144,9,2.0,,1,26510,24.0,5.0,1917.0,5150.0,5150.0,,,,,8787.0,,,50.0,2.0
01,278,10144,8,2.0,,1,26300,6.0,2.0,365.0,11452.0,11026.0,,20.0,,,9767.0,288.0,17.0,2.0,2.0
01,279,10183,8,2.0,,1,26400,4.0,,326.0,2260.0,2243.0,,7.0,,,2362.0,,,101.0,116.0
01,279,10213,8,2.0,,1,26400,24.0,12.0,665.0,36231.0,22036.0,,106.0,40.0,,36814.0,802.0,55.0,34.0,20.0
01,279,10207,9,2.0,,1,26400,3.0,2.0,113.0,10740.0,10308.0,,,,,1174.0,,,2.0,2.0
01,005,00163,8,2.0,0.0,1,26100,6.0,2.0,291.5,1087.0,881.0,0.0,32.8,10.0,1.7,400.0,0.0,0.0,13.9,13.1
01,005,00157,9,2.0,0.0,1,26100,9.0,3.0,437.2,1412.0,1412.0,0.0,0.0,0.0,0.0,2463.0,0.0,6.0,102.2,95.7
01,005,00167,9,2.0,0.0,1,26300,5.0,2.0,269.5,1584.0,1497.0,0.0,0.0,0.0,0.0,0.0,0.0,0.0,1.2,1.2
01,005,00163,8,2.0,0.0,1,26400,10.0,6.0,469.4,2806.0,1164.0,0.0,141.2,43.0,7.7,1411.0,0.0,0.0,49.2,46.3
01,005,00175,8,2.0,0.0,1,26400,10.0,6.0,469.4,9710.0,9710.0,0.0,0.0,0.0,0.0,0.0,0.0,0.0,1.2,1.2
01,006,00217,9,2.0,0.0,1,26100,2.0,1.0,0.0,1462.0,1462.0,0.0,0.0,0.0,0.0,0.0,0.0,0.0,1.2,1.2
01,006,00223,9,2.0,0.0,1,26300,2.0,1.0,107.8,2320.0,2294.0,0.0,0.0,0.0,0.0,1678.0,0.0,0.0,69.6,65.2
01,006,00199,8,2.0,0.0,1,26510,10.0,3.0,903.7,633.0,616.0,0.0,0.0,0.0,0.0,569.0,0.0,11.0,19.8,18.7
01,009,00361,9,2.0,0.0,1,26100,5.0,1.0,242.9,1198.0,852.0,0.0,0.0,0.0,0.0,637.0,0.0,0.0,26.4,24.7
01,009,00367,9,2.0,0.0,1,26300,15.0,2.0,461.5,6391.0,6390.0,0.0,0.0,0.0,0.0,1975.0,0.0,1.0,82.0,76.7
01,268,09551,9,2.0,0.0,1,26100,2.0,1.0,97.2,985.0,950.0,0.0,2.3,0.0,0.8,253.0,0.0,0.0,10.5,9.8
01,279,10249,8,2.0,0.0,1,26100,40.0,17.0,1544.0,2528.0,1317.0,0.0,144.8,44.1,7.9,8153.0,88.0,87.0,284.3,267.5
01,268,09544,8,2.0,0.0,1,26100,10.0,4.0,386.0,4793.0,4488.0,0.0,0.0,0.0,0.0,7052.0,8.0,0.0,245.9,231.4
01,250,08989,8,1.0,1.0,1,26100,6.0,2.0,291.5,17049.0,16926.0,0.0,32.5,9.9,1.8,19543.0,0.0,0.0,681.5,641.1
01,278,10129,8,2.0,0.0,1,26300,3.0,1.0,161.7,1143.0,1085.0,0.0,0.0,0.0,0.0,2074.0,0.0,0.0,72.3,68.0
01,268,09538,8,2.0,0.0,1,26300,7.0,3.0,377.3,2521.0,1341.0,0.0,46.9,14.3,2.5,4643.0,0.0,0.0,161.9,152.3
01,008,00328,9,2.0,0.0,1,26300,33.0,5.0,1015.4,4063.0,3925.0,0.0,0.0,0.0,0.0,1904.0,0.0,0.0,79.0,74.0
01,268,09551,8,2.0,0.0,1,26400,7.0,3.0,74.0,698.0,619.0,0.0,0.0,0.0,0.0,0.0,0.0,0.0,1.2,1.2
01,008,00304,8,2.0,0.0,1,26400,35.0,19.0,1643.0,29941.0,9939.0,0.0,334.5,101.8,18.2,10433.0,583.0,0.0,363.8,342.3
01,008,00331,8,2.0,0.0,1,26400,15.0,8.0,704.2,1647.0,1647.0,0.0,0.0,0.0,0.0,0.0,0.0,0.0,1.2,1.2
01,003,00109,9,2.0,0.0,1,26400,20.0,11.0,938.9,3184.0,3184.0,0.0,0.0,0.0,0.0,238.0,1.0,0.0,9.9,9.2
01,268,09568,9,2.0,0.0,2,26300,9.0,3.0,485.1,1843.0,1801.0,0.0,0.0,0.0,0.0,0.0,0.0,0.0,1.2,1.2
01,009,00352,9,2.0,0.0,1,26100,5.0,1.0,366.5,1808.0,1808.0,0.0,0.0,0.0,0.0,0.0,0.0,0.0,1.2,1.2
01,008,00319,8,2.0,0.0,1,26100,5.0,1.0,366.5,1499.0,1499.0,0.0,0.0,0.0,0.0,0.0,0.0,0.0,1.2,1.2
01,009,00352,8,2.0,0.0,1,26100,6.0,2.0,0.0,1893.0,1885.0,0.0,0.0,0.0,0.0,0.0,0.0,0.0,1.2,1.2
01,005,00167,9,2.0,0.0,1,26100,5.0,0.0,366.5,2718.0,2716.0,0.0,0.0,0.0,0.0,374.0,0.0,0.0,15.5,14.5
01,005,00160,8,2.0,0.0,1,26100,5.0,1.0,366.5,1862.0,1862.0,0.0,0.0,0.0,0.0,133.0,0.0,0.0,5.5,5.2
01,008,00328,8,2.0,0.0,1,26300,5.0,0.0,366.5,1890.0,1890.0,0.0,0.0,0.0,0.0,0.0,0.0,0.0,1.2,1.2
01,005,00166,8,2.0,0.0,1,26300,3.0,0.0,219.9,1942.0,1942.0,0.0,0.0,0.0,0.0,625.0,0.0,0.0,25.9,24.3
01,005,00169,9,2.0,0.0,1,26400,10.0,3.0,0.0,998.0,998.0,0.0,0.0,0.0,0.0,0.0,0.0,0.0,1.2,1.2
01,019,00634,8,2.0,0.0,1,26400,10.0,3.0,732.9,388.0,376.0,0.0,0.0,0.0,0.0,126.0,0.0,0.0,5.2,4.9
01,008,00328,9,2.0,0.0,1,26510,5.0,1.0,366.5,9985.0,0.0,0.0,0.0,0.0,0.0,0.0,0.0,0.0,1.2,1.2
01,019,00634,8,2.0,0.0,1,26100,8.0,2.0,388.7,1280.0,689.0,0.0,13.1,4.0,0.7,1094.0,0.0,0.0,38.1,35.9
01,005,00160,9,2.0,0.0,1,26100,20.0,8.0,772.0,2628.0,687.0,0.0,40.4,10.5,2.5,0.0,0.0,0.0,1.2,1.2
01,250,08989,9,2.0,0.0,1,26100,117.0,31.0,12670.0,32974.0,18987.0,0.0,1336.5,347.9,83.5,31970.0,770.0,729.0,1327.0,1242.0
01,007,00244,11,2.0,0.0,1,26100,9.0,3.0,437.2,1771.0,1373.0,0.0,0.0,0.0,0.0,178.0,0.0,0.0,8.8,8.5
01,006,00217,9,2.0,0.0,1,26100,9.0,3.0,437.2,138251.0,136828.0,0.0,781.3,203.4,48.8,33663.0,1164.0,0.0,1397.2,1307.8
01,004,00142,3,1.0,1.0,1,26100,37.0,11.0,2962.0,40856.0,22906.0,0.0,765.8,81.0,31.7,6678.0,0.0,0.0,1024.8,1230.9
01,005,00172,9,2.0,0.0,1,26100,10.0,4.0,386.0,14210.0,14210.0,0.0,0.0,0.0,0.0,0.0,0.0,0.0,1.2,1.2
01,276,10009,11,2.0,0.0,1,26100,200.0,72.0,19639.2,34189.0,4732.0,0.0,0.0,0.0,0.0,0.0,0.0,0.0,1.2,1.2
01,006,00214,8,2.0,0.0,1,26100,18.0,8.0,694.8,3938.0,3938.0,0.0,0.0,0.0,0.0,82443.0,26.0,5.0,2874.8,2704.7
01,005,00167,9,2.0,0.0,1,26200,8.0,2.0,0.0,40918.0,26373.0,0.0,0.0,0.0,0.0,0.0,0.0,0.0,1.2,1.2
01,001,00019,11,2.0,0.0,1,26300,61.0,8.0,29807.9,148641.0,120579.0,0.0,17450.2,405.6,1388.1,235651.0,2718.0,1337.0,11647.5,11199.4
01,001,00006,8,2.0,0.0,2,26300,5.0,2.0,269.5,5731.0,5437.0,0.0,28.1,8.6,1.5,19211.0,0.0,0.0,669.9,630.2
01,276,09982,3,1.0,1.0,1,26300,209.0,70.0,31205.0,2423311.0,2002214.0,0.0,14658.7,1550.8,605.9,2036466.0,56384.0,2164.0,312519.8,375370.8
01,268,09553,8,2.0,0.0,1,26400,12.0,7.0,563.3,1433.0,1448.0,0.0,28.1,8.6,1.5,839.0,0.0,0.0,29.3,27.5
01,004,00142,11,2.0,0.0,1,26400,43.0,18.0,508.0,30778.0,23899.0,0.0,464.9,10.8,37.0,2606.0,0.0,102.0,128.8,123.9
01,005,00167,9,2.0,0.0,1,26400,10.0,3.0,732.9,1491.0,1491.0,0.0,0.0,0.0,0.0,0.0,0.0,0.0,1.2,1.2
01,005,00175,9,2.0,0.0,1,26400,2.0,1.0,21.1,40004.0,20004.0,0.0,0.0,0.0,0.0,0.0,0.0,1.0,1.2,1.2
01,007,00256,9,2.0,0.0,1,26510,514.0,162.0,73095.0,5415139.0,2387487.0,0.0,70184.9,18268.7,4382.4,1293218.0,34756.0,4613.0,53677.0,50239.4
01,006,00199,8,2.0,0.0,1,26510,4.0,0.0,293.2,1997.0,1997.0,0.0,0.0,0.0,0.0,0.0,0.0,0.0,1.2,1.2
01,008,00319,8,2.0,0.0,1,26510,1.0,1.0,75.5,833.0,833.0,0.0,0.0,0.0,0.0,0.0,0.0,0.0,1.2,1.2
01,008,00304,13,2.0,0.0,1,26520,40.0,9.0,3069.0,775.0,742.0,0.0,3063.4,247.5,357.0,0.0,0.0,0.0,1.2,1.2
01,006,00226,9,2.0,0.0,1,26600,2.0,2.0,117.3,4408.0,4318.0,0.0,25.7,6.7,1.6,0.0,0.0,0.0,1.2,1.2
01,007,00298,8,2.0,0.0,1,26400,3.0,1.0,371.4,8214.0,7741.0,0.0,0.0,0.0,0.0,5216.0,0.0,0.0,181.9,171.1
01,018,00574,8,2.0,0.0,1,26100,14.0,6.0,641.6,7177.0,7074.0,0.0,725.9,221.0,39.4,1191.0,0.0,0.0,41.5,39.1
26,243,08713,9,2.0,,1,26510,20.0,9.0,2987.0,5882.0,5516.0,,,32.0,,14571.0,,,7.7,6.2
26,244,08737,8,2.0,,1,26100,35.0,23.0,1682.0,1284.0,773.0,,,,,2402.0,,,61.0,61.0
26,246,08836,8,2.0,,1,26400,437.0,370.0,46000.0,10672.0,8667.0,,,,114.0,62115.0,,25.5,1732.0,1732.0
26,247,08884,8,2.0,,1,26100,332.0,202.0,2250.0,1404.0,1404.0,,,,,3281.0,,,2.3,2.3
26,247,08905,8,2.0,,1,26100,118.0,81.0,744.0,27074.0,11621.0,,43.0,,,17317.0,374.0,4724.0,2.5,2.5
26,249,08953,8,2.0,,1,26100,60.0,57.0,2214.0,5416.5,5106.7,,,,,8763.1,81.2,2.1,882.8,829.0
26,249,08944,8,2.0,,1,26100,65.0,50.0,3026.4,7408.5,6955.2,,,,,15175.2,1.3,,185.3,150.0
26,252,09160,8,2.0,,1,26100,58.0,41.0,5318.0,8268.0,7275.0,,,-122.0,,14818.0,27.0,,183.9,125.0
26,249,08935,11,1.0,1.0,1,26100,381.0,271.0,27709.0,102632.0,43519.0,,8624.0,28.0,756.0,85746.0,1328.0,137.0,1106.0,1179.0
26,249,08947,11,1.0,1.0,1,26100,2.0,0.0,25254.0,369375.0,213059.0,,2653.0,,35.0,113358.0,4398.0,977.0,1501.0,885.0
26,249,08944,11,1.0,1.0,1,26100,1053.0,936.0,69785.0,405691.0,256700.0,,13292.0,239.0,604.0,342867.0,9108.0,478.0,3643.0,1309.0
26,249,08935,11,1.0,1.0,1,26100,387.0,370.0,34183.0,128609.0,29388.0,,14682.0,,223.0,57976.0,1343.0,851.0,643.0,633.0
26,243,08728,11,1.0,1.0,1,26100,19.0,14.0,2469.0,49217.0,3370.0,,4573.0,,,15566.0,889.0,10.0,4025.0,4025.0
26,249,08947,11,1.0,1.0,1,26100,37.0,24.0,34162.0,535271.0,220887.0,,12313.0,,275.0,201952.0,8584.0,,2756.0,2315.0
26,243,08728,11,1.0,1.0,1,26100,259.0,201.0,62955.0,1190922.0,594645.0,,22419.0,1334.0,1954.0,1504613.0,27252.0,565.0,37843.0,37843.0
26,249,08944,11,1.0,1.0,1,26100,110.0,101.0,27399.0,83023.0,10487.0,,2979.0,19.0,41.0,51967.0,143.0,,175.0,355.0
26,243,08728,11,1.0,1.0,1,26100,42.0,13.0,3982.0,10867.0,6321.0,,315.0,15.0,,15386.0,5.0,57.0,2874.0,2801.0
26,249,08947,11,1.0,1.0,1,26100,678.0,633.0,73885.0,485097.0,111728.0,,27124.0,304.0,128.0,184765.0,10126.0,13.0,2823.0,2823.0
26,243,08728,11,1.0,1.0,1,26100,2354.0,2305.0,262053.0,376126.0,219710.0,,42519.0,252.0,191.0,811928.0,1173.0,1.0,20920.0,20920.0
26,243,08728,11,1.0,1.0,1,26100,704.0,584.0,78490.0,440658.0,77949.0,,330.0,259.0,558.0,188519.0,139.0,83.0,3001.0,2656.0
26,249,08944,11,1.0,1.0,1,26100,1552.0,1388.0,153358.0,2397639.0,1457300.0,,90210.0,378.0,2995.0,3197820.0,15142.0,1418.0,2332.0,2461.0
26,249,08944,11,1.0,1.0,1,26100,999.0,780.0,172498.0,1922961.0,776766.0,,40206.0,265.0,4976.0,816609.0,59272.0,15835.0,6136.0,5782.0
26,249,08935,11,1.0,1.0,1,26100,26.0,21.0,2603.0,9433.0,7748.0,,151.0,,,10249.0,19.0,13.0,252.0,647.0
26,243,08728,11,1.0,1.0,1,26100,77.0,61.0,14469.0,181289.0,30437.0,,8229.0,182.0,734.0,44430.0,149.0,37.0,73.0,86.0
26,249,08962,11,1.0,1.0,1,26100,73.0,70.0,4959.0,33610.0,10427.0,,1228.0,249.0,,9450.0,55.0,,1697.0,1667.0
26,249,08935,11,1.0,1.0,1,26100,68.0,40.0,23062.0,109645.0,87935.0,,991.0,80.0,,218484.0,1300.0,,553.0,508.0
26,244,08743,11,1.0,1.0,1,26100,13.0,9.0,1564.0,24193.0,4872.0,,743.0,0.0,,4822.0,185.0,20.0,853.0,830.0
26,243,08728,11,1.0,1.0,1,26100,487.0,410.0,73106.0,742555.0,532405.0,,46041.0,501.0,,1894751.0,23161.0,305.0,3.0,3.0
26,243,08728,11,1.0,1.0,1,26100,1421.0,1333.0,188498.0,1420667.0,599884.0,,316257.0,741.0,2189.0,2725325.0,18147.0,95.0,14603.0,13254.0
26,249,08944,11,1.0,1.0,1,26100,51.0,45.0,8407.0,227620.0,140894.0,,5624.0,5.0,332.0,97430.0,1943.0,,123.5,123.5
26,244,08743,11,2.0,,1,26100,31.0,25.0,7297.0,43288.0,17530.0,,3307.0,101.0,38.0,34580.0,410.0,4200.0,3528.0,3120.0
26,249,08944,11,1.0,1.0,1,26100,257.0,184.0,51926.0,807876.0,224191.0,,34688.0,371.0,980.0,89444.0,17463.0,647.0,3632.0,3442.0
26,249,08935,11,1.0,1.0,1,26100,164.0,142.0,20752.0,174533.0,71000.0,,4913.0,183.0,168.0,230088.0,3543.0,1774.0,3.0,3.0
26,249,08935,11,1.0,1.0,1,26100,94.0,85.0,10940.3,64007.0,30093.0,,276.0,,,61751.0,454.0,,3.0,3.0
26,243,08728,11,1.0,1.0,1,26100,4271.0,4054.0,362004.0,2896753.0,450597.0,,353481.0,1595.0,3843.0,1863905.0,1674.0,42995.0,9214.0,3111.0
26,243,08728,11,1.0,1.0,1,26100,888.0,725.0,122694.0,1890343.0,1311712.0,,74284.0,705.0,3145.0,3896371.0,26655.0,,4004.0,3974.0
26,243,08728,11,1.0,1.0,1,26100,24.0,7.0,2876.0,38619.0,7878.0,,3334.0,60.0,4.0,26479.0,347.0,1.0,3828.0,3811.0
26,243,08728,11,1.0,1.0,1,26510,10.0,3.0,1354.0,5750.0,2945.0,,285.0,,148.0,2697.0,4.0,131.0,3.0,3.0
26,249,08935,11,1.0,1.0,1,26100,146.0,50.0,8950.0,215767.0,27900.0,,6458.0,500.0,19.0,5689.0,4735.0,,3.0,3.0
26,243,08725,11,2.0,,1,26100,24.0,16.0,2365.0,11771.0,6491.0,,649.0,,,13580.0,137.0,,1758.0,1758.0
26,249,08935,11,1.0,1.0,1,26100,803.0,755.0,52620.0,156986.0,68275.0,,12699.0,87.0,70.0,281517.0,1454.0,3377.0,69574.0,71567.0
26,249,08947,11,1.0,1.0,1,26100,563.0,495.0,64479.0,1298493.0,845009.0,,23237.0,115.0,6248.0,2093611.0,22097.0,43.0,32560.0,33263.0
26,243,08728,11,1.0,1.0,1,26100,52.0,39.0,7029.0,125345.0,46345.0,,4234.0,41.0,93.0,63695.0,1200.0,111.0,15853.0,15853.0
26,243,08728,11,1.0,1.0,1,26100,2788.0,2600.0,318046.0,2865531.0,1445815.0,,106596.0,4758.0,3803.0,5982784.0,55564.0,11037.0,11510.0,11125.0
26,249,08947,11,1.0,1.0,1,26100,77.0,22.0,9650.0,432983.0,166249.0,,6014.0,201.0,64.0,257353.0,16547.0,,720.0,920.0
26,249,08935,11,1.0,1.0,1,26700,2.0,1.0,24.0,12538.0,23.0,,,,,0.0,5.0,,3.0,3.0
26,243,08728,11,1.0,1.0,2,26100,18.0,6.0,1903.0,7483.0,7483.0,,,,,3747.0,711.0,409.0,112.0,112.0
27,256,09172,9,2.0,,1,26400,17.0,13.0,721.0,3235.0,3235.0,0.0,0.0,0.0,0.0,2704.0,52.0,,2.0,2.0
27,256,09286,8,2.0,,1,26100,45.0,36.0,1470.0,1644.0,1644.0,0.0,0.0,0.0,0.0,1620.0,,1.0,115.0,201.0
27,256,09286,8,2.0,,1,26300,13.0,8.0,3165.0,3599.0,3293.0,0.0,5.0,0.0,0.0,5152.0,,,313.0,301.0
27,256,09325,8,2.0,,1,26100,8.0,2.0,3571.0,4689.0,3414.0,0.0,109.0,0.0,0.0,5580.0,,,287.0,275.0
27,256,09331,8,2.0,,1,26300,60.0,35.0,13001.0,5440.0,3443.0,0.0,101.0,0.0,0.0,20705.0,35.0,1.0,520.0,236.0
27,256,09190,8,2.0,,1,26100,31.0,26.0,1219.0,698.0,698.0,0.0,0.0,0.0,0.0,2226.0,,150.0,169.0,217.0
27,256,09325,8,2.0,,1,26300,56.0,33.0,5851.0,44504.0,7510.0,0.0,3129.0,282.0,0.0,16845.0,392.0,261.0,2013.0,2082.0
27,256,09325,8,2.0,,1,26300,66.0,33.0,5691.0,4710.0,3992.0,0.0,90.0,0.0,0.0,9988.0,1.0,,10.0,10.0
27,256,09271,8,2.0,,1,26300,10.0,1.0,133.0,1070.0,995.0,0.0,4.0,0.0,0.0,517.0,,,11.0,1.0
27,256,09271,8,2.0,,1,26300,30.0,12.0,7356.0,3881.0,3797.0,0.0,0.0,0.0,0.0,10468.0,4.0,4.0,6836.0,635.0
27,256,09190,8,2.0,,1,26100,1.0,,657.0,1988.0,403.0,0.0,8.0,108.0,0.0,1222.0,,,1.0,117.8
27,256,09190,8,2.0,,1,26100,48.0,33.0,11883.0,68250.0,31703.0,0.0,972.0,38.0,0.0,38775.0,1057.0,23157.0,5903.0,6249.8
27,256,09181,8,2.0,,1,26300,21.0,12.0,767.0,13616.0,8862.0,0.0,567.0,0.0,0.0,2543.0,,44.0,946.0,946.0
27,256,09331,8,2.0,,1,26100,10.0,5.0,760.0,8013.0,7035.0,0.0,0.0,59.0,0.0,24517.0,111.0,97.0,1577.0,759.0
27,256,09184,8,2.0,,1,26300,240.0,145.0,22687.0,22885.0,11665.0,0.0,412.0,83.0,13.0,36759.0,148.0,101.0,2102.0,2538.0
27,256,09190,8,2.0,,1,26300,43.0,20.0,1246.0,1282.0,1074.0,0.0,2.0,0.0,0.0,3365.0,,4.0,101.0,169.0
27,256,09325,8,2.0,,1,26100,7.0,5.0,386.0,2521.0,2237.0,0.0,14.0,0.0,0.0,2409.0,,,4.0,144.0
27,256,09325,8,2.0,,1,26300,35.0,18.0,4299.0,5167.0,4319.0,0.0,380.0,7.0,19.0,11386.0,,20.0,10.0,57.0
27,256,09325,8,2.0,,1,26100,8.0,7.0,2017.0,1965.0,1965.0,0.0,0.0,0.0,0.0,2076.0,,,12.0,12.0
27,256,09190,9,2.0,,1,26300,18.0,10.0,1221.0,3803.0,3375.0,0.0,0.0,0.0,0.0,3673.0,11.0,1.0,1.0,1.0
27,256,09187,8,2.0,,1,26100,5.0,2.0,83.0,5388.0,4453.0,0.0,24.0,0.0,0.0,8760.0,104.0,,22.0,28.0
27,256,09271,8,2.0,,1,26100,27.0,10.0,1133.0,2275.0,2109.0,0.0,13.0,0.0,0.0,2172.0,,,27.0,17.0
27,256,09331,9,2.0,,1,26100,385.0,155.0,26865.0,371972.0,254271.0,0.0,14727.0,424.0,1920.0,312861.0,14576.0,5907.0,15171.0,15175.0
27,256,09271,8,2.0,,1,26100,12.0,6.0,841.0,2299.0,2214.0,0.0,0.0,0.0,0.0,5136.0,2.0,,182.0,351.0
27,256,09325,8,2.0,,1,26300,125.0,97.0,24241.0,9468.0,7603.0,0.0,91.0,166.0,1.0,36435.0,23.0,850.0,2910.0,2741.0
27,256,09325,8,2.0,,1,26100,38.0,19.0,4527.0,27759.0,14587.0,0.0,2495.0,112.0,214.0,25394.0,110.0,718.0,1080.0,1505.0
27,262,09424,8,2.0,,1,26300,180.0,150.0,8420.0,16978.0,2986.0,0.0,1183.0,60.0,0.0,17532.0,177.0,,332.7,785.8
27,262,09433,8,2.0,,1,26100,30.0,28.0,2503.0,1189.0,1107.0,0.0,0.0,0.0,0.0,3103.0,,37.0,31.5,31.5
27,262,09436,8,2.0,,1,26100,93.0,86.0,19600.0,13799.0,10926.0,0.0,408.0,0.0,0.0,35879.0,,,2210.0,1047.0
27,262,09439,8,2.0,,1,26100,20.0,16.0,4512.0,1177.0,1177.0,0.0,0.0,0.0,0.0,4587.0,,,6.2,20.9
27,262,09436,8,2.0,,1,26100,53.0,46.0,2838.0,3387.0,2635.0,0.0,20.0,133.0,15.0,4495.0,103.0,,420.0,219.0
27,262,09445,8,2.0,,1,26100,60.0,50.0,5357.0,2889.0,1853.0,0.0,0.0,188.0,0.0,6134.0,,,590.0,464.0
27,262,09445,8,2.0,,1,26100,39.0,37.0,2276.0,2253.0,2147.0,0.0,75.0,0.0,0.0,3239.0,,7.0,305.0,245.0
27,262,09427,8,2.0,,1,26510,37.0,21.0,3019.0,31033.0,23469.0,0.0,602.0,0.0,0.0,44147.0,474.0,147.0,1628.0,1624.0
27,262,09445,8,2.0,,1,26100,8.0,5.0,558.0,1897.0,1897.0,0.0,0.0,0.0,0.0,587.0,,,60.0,38.0
27,262,09424,8,2.0,,1,26100,40.0,38.0,5470.0,2991.0,2102.0,0.0,40.0,43.0,0.0,6878.0,,,564.0,472.0
27,262,09424,8,2.0,,1,26300,4.0,1.0,324.0,1301.0,1301.0,0.0,0.0,0.0,0.0,4171.0,,,417.0,310.0
27,262,09400,8,2.0,,1,26100,30.0,20.0,2325.0,5976.0,4798.0,0.0,451.0,0.0,0.0,6788.0,193.0,,556.0,335.0
27,262,09427,8,1.0,1.0,1,26100,100.0,52.0,8581.0,92896.0,10444.0,0.0,7834.0,29.0,1.0,36575.0,1915.0,60.0,2405.0,2407.0
27,260,09340,9,1.0,1.0,1,26800,174.0,83.0,26912.0,150388.0,50883.0,0.0,11563.0,197.0,80.0,134371.0,1169.0,,12327.0,12327.0
27,260,09328,9,1.0,1.0,1,26100,123.0,98.0,15790.0,84075.0,76074.0,0.0,169.0,91.0,82.0,34196.0,2727.0,33.0,204.0,204.0
27,260,09340,8,2.0,,1,26300,16.0,6.0,1828.0,2146.0,2144.0,0.0,0.0,0.0,0.0,1556.0,,,18.0,2.0
27,259,09283,8,2.0,,1,26300,20.0,10.0,50.0,654.0,59.0,0.0,0.0,49.0,0.0,15.0,126.0,259.0,25.2,27.9
27,259,09304,8,2.0,,1,26300,48.0,40.0,277.0,1985.0,1985.0,0.0,0.0,0.0,0.0,288.0,,,29.5,36.5
27,263,09454,8,2.0,,1,26100,36.0,18.0,5775.0,2685.0,1743.0,0.0,0.0,95.0,0.0,6661.0,,,631.0,493.0
27,263,09454,8,2.0,,1,26100,130.0,110.0,2233.0,2408.0,2044.0,0.0,0.0,0.0,0.0,3276.0,,,345.0,330.0
27,263,09454,8,2.0,,1,26100,2.0,2.0,1033.0,240.0,240.0,0.0,0.0,0.0,0.0,1394.0,4.0,,146.0,1.0
27,263,09454,8,2.0,,1,26100,2.0,2.0,211.0,979.0,680.0,0.0,3.0,0.0,0.0,1863.0,1.0,53.0,4.0,2.0
27,264,09514,8,2.0,,1,26300,121.0,75.0,12688.0,19002.0,14428.0,0.0,25.0,142.0,0.0,79176.0,124.0,97.0,1717.0,1329.0
27,261,09391,9,2.0,,1,26100,40.0,25.0,17680.0,13866.0,12375.0,0.0,8.0,0.0,0.0,38359.0,86.0,,1120.0,1643.0
27,261,09394,9,2.0,,1,26400,5.0,2.0,206.0,5907.0,5907.0,0.0,5.0,0.0,0.0,1438.0,,,82.0,2.0
27,261,09385,8,2.0,,1,26100,1.0,,3790.0,6207.0,2674.0,0.0,143.0,0.0,0.0,5640.0,,,43.5,198.0
27,258,09217,8,2.0,,1,26300,150.0,100.0,27384.0,14278.0,9188.0,0.0,336.0,27.0,0.0,29751.0,,,2482.0,2455.0
27,258,09229,8,2.0,,1,26300,10.0,,423.0,2572.0,2569.0,0.0,0.0,0.0,18.0,447.0,,,46.0,25.0
27,256,09286,8,2.0,,1,26300,40.0,18.0,3919.0,8032.0,7993.0,0.0,0.0,0.0,0.0,13080.0,19.0,48.0,201.0,490.0
27,256,09271,8,2.0,,1,26100,22.0,21.0,635.0,1461.0,1461.0,0.0,0.0,0.0,0.0,2494.0,,58.0,5.8,5.8
27,259,09265,11,1.0,1.0,1,26100,1.0,0.0,1120.0,38022.0,16466.0,0.0,552.0,16.0,0.0,8644.0,272.0,100.0,2186.0,2172.0
27,259,09265,11,1.0,1.0,1,26300,43.0,22.0,1946.0,6092.0,5591.0,0.0,306.0,0.0,0.0,7654.0,5.0,630.0,3.0,3.0
27,259,09265,11,1.0,1.0,1,26300,60.0,41.0,4520.0,8938.0,1747.0,0.0,1464.0,50.0,52.0,8023.0,,118.0,590.0,507.0
27,259,09265,11,1.0,1.0,1,26100,20.0,11.0,265.0,31088.0,9536.0,0.0,1702.0,87.0,71.0,7826.0,542.0,150.0,886.0,906.0
27,256,09172,11,2.0,,1,26300,95.0,49.0,8146.0,20279.0,20176.0,0.0,0.0,0.0,0.0,68420.0,,42.0,1574.0,1562.0
27,256,09175,11,2.0,,1,26300,4.0,2.0,1322.0,5924.0,5693.0,0.0,22.0,0.0,0.0,12652.0,69.0,110.0,587.0,576.0
27,256,09181,11,2.0,,1,26300,66.0,28.0,6356.0,15298.0,14323.0,0.0,12.0,0.0,0.0,15912.0,133.0,,1176.0,1024.0
27,261,09397,11,1.0,1.0,1,26300,4578.0,2358.0,276610.0,4653640.0,2265323.0,0.0,928341.0,2430.0,31347.0,31089512.0,125962.0,81574.0,1272674.0,1272674.0
27,256,09286,11,1.0,1.0,1,26300,99.0,88.0,29798.0,203700.0,108250.0,0.0,5407.0,140.0,0.0,309147.0,1888.0,14.0,41522.0,11837.0
27,256,09271,11,1.0,1.0,1,26400,7.0,6.0,4363.0,160970.0,15344.0,0.0,3104.0,155.0,0.0,4642.0,2.0,10.0,18.0,48.0
27,256,09286,11,1.0,1.0,1,26300,146.0,102.0,17876.0,252025.0,29613.0,0.0,17463.0,88.0,62.0,78903.0,6760.0,2.0,4197.0,2941.0
27,256,09331,11,2.0,,1,26100,30.0,6.0,3675.0,25347.0,5486.0,0.0,5609.0,0.0,18.0,20303.0,200.0,1363.0,2298.0,2082.0
27,262,09427,11,1.0,1.0,1,26300,142.0,125.0,8824.0,43414.0,21371.0,0.0,383.0,197.0,0.0,36730.0,589.0,42.0,3295.0,3295.0
27,256,09286,11,1.0,1.0,1,26300,1477.0,1302.0,129325.0,312686.0,94584.0,0.0,1098.0,30.0,8.0,310492.0,700.0,18123.0,35598.0,35663.0
27,256,09286,11,1.0,1.0,1,26400,5200.0,4600.0,743827.0,4052547.0,2964241.0,0.0,60762.0,1780.0,1993.0,7362825.0,129451.0,2015.0,191469.0,197795.0
27,256,09331,11,2.0,,1,26300,88.0,58.0,7055.0,24930.0,10718.0,0.0,1960.0,54.0,0.0,26516.0,707.0,1116.0,1172.0,1158.0
27,262,09427,11,1.0,1.0,1,26300,38.0,25.0,11598.0,113907.0,31093.0,0.0,7430.0,6.0,0.0,61137.0,1364.0,711.0,3585.0,3544.0
27,256,09286,11,2.0,,1,26300,153.0,110.0,12960.0,50881.0,38126.0,0.0,3059.0,26.0,0.0,110434.0,,5106.0,2568.0,2148.0
27,256,09286,11,1.0,1.0,1,26400,439.0,365.0,24359.0,194674.0,131306.0,0.0,8982.0,332.0,1285.0,612774.0,4165.0,182.0,8536.0,8536.0
27,262,09427,11,1.0,1.0,1,26300,1011.0,844.0,107346.0,1180540.0,465201.0,0.0,98731.0,1281.0,490.0,2328937.0,26366.0,36131.0,1002388.0,111445.0
27,256,09286,11,1.0,1.0,1,26300,15.0,9.0,3052.0,85116.0,68922.0,0.0,2136.0,130.0,269.0,130590.0,1679.0,6413.0,10380.0,10380.0
27,256,09331,11,2.0,,1,26300,31.0,11.0,1265.0,9741.0,5262.0,0.0,1494.0,113.0,0.0,7664.0,,44.0,3.0,3.0
27,256,09271,11,1.0,1.0,1,26100,90.0,65.0,123786.0,50018.0,42121.0,0.0,639.0,0.0,163.0,45123.0,105.0,,32.0,423.0
27,256,09271,11,1.0,1.0,1,26300,739.0,590.0,92995.0,808303.0,404417.0,0.0,40861.0,380.0,1690.0,2181088.0,26547.0,1644.0,160.0,160.0
27,256,09286,11,1.0,1.0,1,26100,49.0,40.0,10031.0,50313.0,16578.0,0.0,6534.0,61.0,46.0,33562.0,830.0,57.0,5942.0,4892.0
27,256,09286,11,1.0,1.0,1,26300,95.0,58.0,6407.0,41435.0,16406.0,0.0,3216.0,0.0,7.0,33731.0,3.0,19.0,1185.0,1185.0
27,262,09427,11,1.0,1.0,1,26100,395.0,378.0,28233.0,145175.0,89741.0,0.0,6301.0,0.0,2116.0,74263.0,1461.0,2474.0,1290.0,1654.0
27,256,09271,11,1.0,1.0,1,26300,228.0,135.0,57319.0,654824.0,492338.0,0.0,13071.0,1156.0,8.0,1210688.0,18429.0,4326.0,5247.0,5247.0
27,256,09286,11,1.0,1.0,1,26300,5.0,4.0,124.0,7697.0,2453.0,0.0,40.0,0.0,0.0,1818.0,27.0,,530.0,530.0
27,259,09265,11,1.0,1.0,1,26300,180.0,104.0,12490.0,38562.0,20785.0,0.0,2696.0,27.0,140.0,46573.0,1013.0,1912.0,4344.0,4271.0
27,256,09331,11,2.0,,1,26100,12.0,4.0,783.0,4715.0,1451.0,0.0,249.0,0.0,0.0,2527.0,39.0,,168.0,168.0
27,256,09286,11,1.0,1.0,1,26300,32.0,20.0,7300.0,94022.0,8214.0,0.0,445.0,0.0,5498.0,36894.0,4120.0,190.0,1480.0,867.0
27,262,09427,11,1.0,1.0,1,26100,95.0,60.0,11205.0,124440.0,58322.0,0.0,2448.0,118.0,228.0,76904.0,3895.0,285.0,3827.0,3827.0
27,262,09427,11,1.0,1.0,1,26300,29.0,17.0,7792.0,58816.0,28457.0,0.0,44.0,240.0,0.0,59753.0,1281.0,222.0,305.0,305.0
27,262,09427,11,1.0,1.0,1,26300,110.0,100.0,26088.0,141018.0,86126.0,0.0,93.0,30.0,0.0,257389.0,181.0,2222.0,10978.0,7669.0
27,260,09328,11,1.0,1.0,1,26510,47.0,28.0,4736.0,96115.0,57721.0,0.0,7339.0,0.0,18.0,62319.0,1750.0,20.0,5357.0,4918.0
27,256,09331,11,2.0,,1,26300,1057.0,700.0,155652.0,74368.0,52040.0,0.0,823.0,2367.0,1262.0,253117.0,170.0,581.0,98.0,98.0
27,262,09427,11,1.0,1.0,1,26100,4.0,2.0,1895.0,7079.0,2364.0,0.0,557.0,0.0,0.0,4957.0,63.0,110.0,377.0,377.0
27,256,09286,11,1.0,1.0,1,26300,158.0,141.0,20937.0,140286.0,70388.0,0.0,5558.0,0.0,128.0,167390.0,7809.0,1403.0,4059.0,4156.0
27,256,09286,11,1.0,1.0,1,26300,312.0,163.0,63784.0,268635.0,141745.0,0.0,13977.0,0.0,0.0,435697.0,8495.0,210.0,3019.0,3460.0
27,260,09340,11,1.0,1.0,1,26100,2513.0,2091.0,173075.0,1007072.0,513612.0,0.0,52441.0,515.0,1654.0,1257519.0,2010.0,5.0,54.0,54.0
27,256,09271,11,1.0,1.0,1,26200,829.0,389.0,67449.0,912843.0,275349.0,0.0,39199.0,0.0,80.0,495724.0,603.0,1041.0,1802.0,2027.0
27,256,09271,11,1.0,1.0,1,26400,4055.0,2681.0,449716.0,6147294.0,5338233.0,0.0,72332.0,0.0,9506.0,10888823.0,82363.0,1575.0,64042.0,78308.0
27,256,09271,11,1.0,1.0,1,26400,4321.0,3505.0,395888.0,2680585.0,1937361.0,0.0,64312.0,494.0,1516.0,3702666.0,32254.0,11567.0,2970.0,3262.0
27,256,09271,11,1.0,1.0,1,26300,539.0,502.0,40015.0,139934.0,30368.0,0.0,7992.0,435.0,515.0,77337.0,4089.0,1769.0,2392.0,2392.0
27,256,09331,11,2.0,,1,26300,350.0,250.0,43038.0,352839.0,61861.0,0.0,36697.0,524.0,467.0,363224.0,11864.0,13364.0,12263.0,12263.0
27,256,09331,11,2.0,,1,26300,83.0,40.0,215.0,2331.0,2277.0,0.0,0.0,0.0,0.0,583.0,2.0,67.0,5.0,381.0
27,258,09232,11,1.0,1.0,1,26300,231.0,156.0,33076.0,218187.0,75370.0,0.0,9157.0,132.0,1600.0,382078.0,9256.0,4.0,13309.0,13319.0
27,258,09232,11,1.0,1.0,1,26100,113.0,23.0,1750.0,16556.0,6817.0,0.0,2932.0,0.0,0.0,1092.0,287.0,12.0,47.6,47.6
27,258,09232,11,2.0,,1,26300,227.0,191.0,33092.0,468538.0,169184.0,0.0,33682.0,1177.0,0.0,447945.0,9708.0,12310.0,13973.0,13973.0
27,258,09232,11,1.0,1.0,1,26100,882.0,491.0,121198.0,2215786.0,252642.0,0.0,249181.0,-2222.0,406.0,359597.0,20912.0,31227.0,955.0,955.0
27,258,09232,11,1.0,1.0,1,26300,87.0,30.0,1695.0,78028.0,34928.0,0.0,11535.0,171.0,7.0,18754.0,2108.0,4707.0,566.0,566.0
27,258,09232,11,1.0,1.0,1,26300,53.0,43.0,7013.0,12404.0,5273.0,0.0,345.0,23.0,0.0,18333.0,,159.0,2.0,2.0
27,258,09205,11,1.0,1.0,1,26300,9.0,4.0,1166.0,114987.0,91164.0,0.0,244.0,74.0,0.0,87726.0,799.0,121.0,514.0,382.0
27,258,09241,11,1.0,1.0,1,26300,1617.0,1533.0,180076.0,1125553.0,844047.0,0.0,23863.0,10593.0,1053.0,2233140.0,27086.0,57733.0,51738.0,51738.0
27,258,09241,11,2.0,,1,26300,36.0,30.0,5844.0,80421.0,21237.0,0.0,1876.0,143.0,23.0,92171.0,935.0,10.0,10801.0,16801.0
27,258,09205,11,1.0,1.0,1,26100,160.0,79.0,14219.0,262836.0,69948.0,0.0,7657.0,0.0,189.0,105673.0,13979.0,140.0,3.0,3.0
27,258,09232,11,1.0,1.0,1,26300,1300.0,931.0,117539.0,1800452.0,1249287.0,0.0,69027.0,744.0,1142.0,4281842.0,18902.0,44872.0,142339.0,142339.0
27,258,09232,11,1.0,1.0,1,26300,65.0,44.0,17961.0,25141.0,16214.0,0.0,354.0,102.0,0.0,71695.0,493.0,200.0,991.0,991.0
27,258,09232,11,1.0,1.0,1,26100,15.0,1.0,1918.0,37876.0,14787.0,0.0,3533.0,12.0,0.0,7078.0,348.0,4314.0,482.0,482.0
27,258,09241,11,1.0,1.0,1,26300,45.0,19.0,16051.0,94256.0,40616.0,0.0,18792.0,243.0,0.0,103507.0,405.0,244.0,5611.0,5611.0
27,258,09241,11,2.0,,1,26300,19.0,9.0,2916.0,43718.0,13643.0,0.0,4725.0,0.0,47.0,13832.0,1168.0,3.0,1743.0,1743.0
27,258,09232,11,1.0,1.0,1,26100,41.0,8.0,1795.0,61664.0,14106.0,0.0,1799.0,0.0,0.0,1803.0,1601.0,5510.0,3.0,3.0
27,258,09232,11,1.0,1.0,1,26100,59.0,52.0,10936.0,12078.0,4000.0,0.0,491.0,0.0,0.0,15768.0,87.0,,959.0,959.0
27,258,09232,11,1.0,1.0,1,26300,6409.0,4910.0,490963.0,1812929.0,702742.0,0.0,148245.0,149.0,138.0,3687561.0,31930.0,3114.0,178545.0,182040.0
27,258,09232,11,1.0,1.0,1,26300,175.0,59.0,27859.0,359143.0,245809.0,0.0,7684.0,400.0,492.0,348021.0,1063.0,207.0,28508.0,28680.0
27,258,09241,11,2.0,,1,26100,353.0,320.0,33664.0,503535.0,328219.0,0.0,22683.0,127.0,433.0,887130.0,5548.0,556.0,4175.0,4175.0
27,258,09232,11,1.0,1.0,1,26700,129.0,47.0,109223.0,89845.0,69047.0,0.0,1510.0,202.0,141.0,149472.0,2045.0,267.0,1157.0,1193.0
27,258,09232,11,1.0,1.0,1,26100,6.0,4.0,1794.0,9042.0,3902.0,0.0,637.0,0.0,0.0,4354.0,46.0,18.0,3.0,3.0
27,258,09232,11,1.0,1.0,1,26300,428.0,354.0,59819.0,1753561.0,1411075.0,0.0,24907.0,26.0,221.0,5189682.0,63790.0,9084.0,47415.0,34491.0
27,258,09232,11,1.0,1.0,1,26300,94.0,15.0,5045.0,34382.0,8293.0,0.0,4449.0,104.0,0.0,4824.0,737.0,231.0,2.0,2.0
27,258,09232,11,1.0,1.0,1,26300,2255.0,1842.0,280871.0,2386817.0,996958.0,0.0,145429.0,1832.0,1390.0,3432893.0,18458.0,16956.0,71933.0,77459.0
27,258,09241,11,2.0,,1,26300,67.0,46.0,7174.0,156862.0,110179.0,0.0,5269.0,120.0,0.0,212691.0,5475.0,177.0,15478.0,18641.0
27,258,09232,11,1.0,1.0,1,26100,12.0,2.0,3449.0,136593.0,26308.0,0.0,47499.0,151.0,1507.0,2421.0,2961.0,45966.0,145.0,145.0
27,258,09232,11,1.0,1.0,1,26100,19.0,4.0,3804.0,21790.0,5621.0,0.0,2040.0,0.0,0.0,9685.0,469.0,338.0,3.0,3.0
27,258,09232,11,1.0,1.0,1,26100,16.0,4.0,1990.0,57056.0,33733.0,0.0,2857.0,0.0,124.0,30505.0,1164.0,173.0,3.0,3.0
27,258,09232,11,1.0,1.0,1,26300,1622.0,1205.0,182479.0,2527279.0,1609217.0,0.0,203370.0,1675.0,2476.0,6063088.0,11138.0,12124.0,156341.0,156341.0
27,258,09232,11,1.0,1.0,1,26300,619.0,598.0,39550.0,371065.0,364001.0,0.0,683.0,0.0,0.0,308454.0,3358.0,88.0,23495.0,15200.0
27,258,09229,11,1.0,1.0,1,26300,451.0,319.0,69408.0,495906.0,137996.0,0.0,49278.0,0.0,245.0,398770.0,24825.0,2260.0,27185.0,8981.0
27,258,09205,11,1.0,1.0,1,26300,5372.0,3391.0,1753840.0,59482314.0,14816951.0,0.0,1569182.0,1999.0,230451.0,102033203.0,245478.0,31013.0,20930.0,20930.0
27,258,09205,11,1.0,1.0,1,26300,48923.0,37997.0,6703793.0,171938246.0,144675774.0,0.0,4787378.0,16869.0,343555.0,385113120.0,1971520.0,160207.0,2429523.0,1836775.0
27,258,09232,11,1.0,1.0,1,26100,47.0,27.0,5750.0,25772.0,12980.0,48.0,2726.0,0.0,51.0,52941.0,1386.0,653.0,325.0,325.0
27,256,09325,11,2.0,,1,26300,35.0,32.0,3477.0,3412.0,2591.0,0.0,6.0,0.0,0.0,8459.0,,8.0,453.0,292.0
27,256,09325,11,2.0,,1,26300,18.0,14.0,3347.0,11746.0,6952.0,0.0,540.0,31.0,37.0,10692.0,93.0,730.0,3.0,3.0
27,256,09325,11,2.0,,1,26300,36.0,14.0,9335.0,33680.0,24640.0,0.0,1755.0,171.0,14.0,63601.0,181.0,144.0,2869.0,2654.0
27,256,09325,11,2.0,,1,26300,69.0,30.0,6217.0,5461.0,973.0,0.0,437.0,269.0,0.0,8661.0,95.0,1816.0,819.0,283.0
27,256,09325,11,2.0,,1,26300,102.0,79.0,34299.0,645342.0,503431.0,0.0,107924.0,2430.0,1122.0,1542980.0,4356.0,12.0,72392.0,72392.0
27,256,09325,11,2.0,,1,26300,13.0,6.0,2106.0,19830.0,3516.0,0.0,2407.0,0.0,0.0,274.0,554.0,155.0,11.0,11.0
27,256,09331,11,2.0,,1,26300,10.0,4.0,3035.0,30623.0,25191.0,0.0,515.0,0.0,0.0,96454.0,460.0,7.0,496.0,796.0
27,256,09286,11,2.0,,1,26300,48.0,38.0,778.0,3155.0,2454.0,0.0,41.0,0.0,0.0,2178.0,,1021.0,67.0,67.0
27,256,09325,11,2.0,,1,26300,230.0,60.0,25371.0,110526.0,44082.0,0.0,13794.0,0.0,9.0,102003.0,1856.0,117.0,2593.0,2593.0
27,256,09325,11,2.0,,1,26510,25.0,6.0,6695.0,45956.0,20887.0,0.0,1384.0,29.0,0.0,42406.0,475.0,40.0,3223.0,3223.0
27,256,09325,11,2.0,,1,26400,37.0,25.0,6251.0,16981.0,6382.0,0.0,1667.0,9.0,8.0,15737.0,1029.0,719.0,88.0,88.0
27,256,09325,11,2.0,,1,26300,63.0,48.0,10432.0,6421.0,3120.0,0.0,153.0,0.0,0.0,13636.0,,146.0,292.0,2.0
27,256,09325,11,2.0,,1,26300,12.0,10.0,565.0,15900.0,15770.0,0.0,2571.0,0.0,0.0,4317.0,693.0,8955.0,131.0,131.0
27,256,09325,11,2.0,,1,26300,101.0,97.0,13569.0,36990.0,19747.0,0.0,4517.0,64.0,53.0,75301.0,1232.0,204.0,6847.0,6847.0
27,256,09325,11,2.0,,1,26300,28.0,18.0,28703.0,165089.0,100370.0,0.0,19409.0,118.0,0.0,175146.0,2494.0,41.0,24661.0,24661.0
27,256,09286,11,2.0,,1,26300,121.0,92.0,8319.0,66259.0,65478.0,0.0,255.0,0.0,0.0,82345.0,858.0,652.0,6710.0,6743.0
27,256,09325,11,2.0,,1,26300,484.0,334.0,33557.0,151953.0,145247.0,0.0,1786.0,75.0,0.0,460609.0,5.0,6.0,39207.0,43267.0
27,260,09340,11,1.0,1.0,1,26300,27.0,16.0,5566.0,28927.0,20372.0,0.0,1629.0,115.0,0.0,59143.0,506.0,155.0,493.0,460.0
27,261,09385,11,1.0,1.0,1,26300,499.0,393.0,58214.0,103608.0,56042.0,0.0,580.0,749.0,12.0,230322.0,68.0,3283.0,9764.3,9519.3
27,260,09340,11,1.0,1.0,1,26300,127.0,75.0,14885.0,88346.0,24661.0,0.0,5342.0,385.0,351.0,77510.0,990.0,323.0,9214.0,5671.0
27,261,09391,11,1.0,1.0,1,26300,20.0,16.0,3599.0,12289.0,10954.0,0.0,89.0,268.0,162.0,10421.0,,3.0,282.0,387.0
27,261,09367,11,1.0,1.0,1,26300,25.0,20.0,1397.0,4266.0,1292.0,0.0,284.0,0.0,0.0,1550.0,48.0,15.0,3.0,3.0
27,260,09340,11,1.0,1.0,1,26300,35.0,18.0,7394.0,77124.0,21248.0,0.0,5714.0,286.0,540.0,23285.0,1146.0,55.0,3019.0,3027.0
27,261,09376,11,1.0,1.0,1,26300,28.0,14.0,5904.0,30960.0,22980.0,0.0,714.0,199.0,323.0,44542.0,209.0,487.0,3630.0,3630.0
27,260,09358,11,1.0,1.0,1,26300,281.0,255.0,41756.0,246016.0,52797.0,0.0,18578.0,145.0,1208.0,150927.0,4982.0,44.0,8351.0,8351.0
27,260,09340,11,1.0,1.0,1,26300,75.0,44.0,1175.0,32787.0,20825.0,0.0,1373.0,290.0,145.0,56472.0,12.0,5.0,5640.0,5936.0
27,261,09391,11,1.0,1.0,1,26300,41.0,5.0,10979.0,36838.0,20590.0,0.0,3393.0,33.0,87.0,52648.0,1115.0,118.0,2819.0,2819.0
27,260,09340,11,1.0,1.0,1,26300,858.0,333.0,280635.0,1813186.0,377644.0,0.0,84332.0,686.0,4176.0,895869.0,67172.0,9137.0,644.0,644.0
27,261,09391,11,1.0,1.0,1,26300,7.0,4.0,393.0,2292.0,1608.0,0.0,102.0,0.0,0.0,756.0,,25.0,108.0,108.0
27,261,09376,11,1.0,1.0,1,26300,40.0,26.0,14352.0,32663.0,16737.0,0.0,3090.0,54.0,0.0,32184.0,117.0,2.0,858.0,557.0
27,261,09376,13,1.0,1.0,1,26300,251.0,189.0,42525.0,189643.0,124741.0,0.0,21793.0,395.0,822.0,158284.0,2461.0,3356.0,9370.0,8645.0
27,260,09340,11,1.0,1.0,1,26300,115.0,65.0,26006.0,43752.0,19275.0,0.0,8266.0,530.0,950.0,127934.0,455.0,454.0,13280.0,12935.0
27,260,09340,11,1.0,1.0,1,26300,10.0,2.0,565.0,3309.0,778.0,0.0,306.0,0.0,0.0,1627.0,,,164.0,76.0
27,260,09340,11,1.0,1.0,1,26300,298.0,265.0,27338.0,119517.0,86892.0,0.0,8189.0,45.0,177.0,367313.0,74.0,3181.0,3274.0,1743.0
27,260,09340,11,1.0,1.0,1,26300,78.0,39.0,7493.0,48922.0,40920.0,137.0,1501.0,99.0,512.0,84036.0,733.0,11.0,11660.0,11664.0
27,261,09397,11,1.0,1.0,1,26300,57.0,41.0,18845.0,160055.0,66972.0,0.0,1819.0,372.0,1065.0,264673.0,2180.0,51.0,3.0,3.0
27,260,09340,11,1.0,1.0,1,26510,25.0,4.0,2259.0,54965.0,42979.0,0.0,685.0,105.0,12.0,79216.0,1206.0,15.0,29.0,29.0
27,260,09340,11,1.0,1.0,1,26300,47.0,27.0,10996.0,94838.0,71467.0,0.0,3180.0,0.0,596.0,90240.0,2979.0,6.0,9269.0,9269.0
27,260,09340,11,1.0,1.0,1,26300,81.0,78.0,10461.0,18059.0,7248.0,0.0,3327.0,163.0,0.0,16918.0,45.0,63.0,3.0,3.0
27,260,09340,11,1.0,1.0,1,26300,19.0,13.0,1999.0,17116.0,3716.0,0.0,105.0,1126.0,0.0,4419.0,107.0,6.0,183.0,183.0
27,260,09340,11,1.0,1.0,1,26300,53.0,42.0,6264.0,30794.0,13704.0,0.0,752.0,0.0,210.0,57776.0,84.0,320.0,3.0,3.0
27,260,09340,11,1.0,1.0,1,26300,271.0,248.0,18819.0,23028.0,20267.0,0.0,670.0,8.0,0.0,53777.0,3.0,40.0,3.0,3.0
27,260,09328,13,1.0,1.0,1,26300,121.0,98.0,3100.0,15007.0,7557.0,0.0,463.0,0.0,0.0,10822.0,1.0,64.0,776.0,776.0
27,260,09340,11,1.0,1.0,2,26300,16.0,10.0,1526.0,20737.0,3345.0,0.0,3419.0,0.0,54.0,711.0,626.0,43.0,148.0,148.0
27,260,09340,11,1.0,1.0,1,26300,500.0,413.0,76355.0,258435.0,82458.0,0.0,30318.0,816.0,140.0,465934.0,4376.0,2244.0,23495.0,25134.0
27,261,09391,11,1.0,1.0,1,26100,39.0,28.0,4903.0,7550.0,4878.0,0.0,24.0,74.0,13.0,19989.0,,145.0,100.3,100.3
27,261,09391,11,1.0,1.0,1,26300,14.0,2.0,1643.0,8866.0,2781.0,0.0,659.0,0.0,0.0,4340.0,2.0,365.0,105.0,105.0
27,260,09340,11,1.0,1.0,1,26300,54.0,47.0,7793.0,4479.0,3035.0,0.0,21.0,0.0,0.0,8415.0,,70.0,526.5,526.5
27,261,09391,11,1.0,1.0,1,26300,25.0,14.0,2314.0,4422.0,2558.0,0.0,198.0,0.0,0.0,4972.0,,10.0,178.8,178.8
27,260,09340,11,1.0,1.0,1,26300,44.0,22.0,3082.0,48192.0,7841.0,0.0,4779.0,75.0,383.0,3438.0,1908.0,1602.0,699.0,699.0
27,260,09340,11,1.0,1.0,1,26300,19.0,5.0,2966.0,27935.0,16922.0,0.0,280.0,16.0,27.0,54148.0,443.0,166.0,3267.0,3267.0
27,260,09340,11,1.0,1.0,1,26100,25.0,6.0,3430.0,14824.0,3678.0,0.0,1159.0,0.0,0.0,9657.0,28.0,69.0,3.0,3.0
27,261,09397,11,1.0,1.0,1,26300,329.0,281.0,29315.0,95836.0,54860.0,0.0,5102.0,142.0,0.0,50286.0,3150.0,1726.0,3360.3,4812.3
27,260,09340,11,1.0,1.0,1,26300,3.0,2.0,10919.0,32364.0,23580.0,0.0,791.0,0.0,0.0,31470.0,1008.0,1.0,1109.0,730.0
27,260,09340,11,1.0,1.0,1,26100,15.0,7.0,3709.0,4607.0,3891.0,0.0,7.0,0.0,0.0,5885.0,1.0,2.0,734.7,734.7
27,261,09397,11,1.0,1.0,1,26100,513.0,329.0,30553.0,347124.0,38283.0,0.0,39544.0,0.0,372.0,97793.0,9485.0,870.0,3.0,3.0
27,261,09397,11,1.0,1.0,1,26100,169.0,112.0,34764.0,720808.0,364304.0,0.0,40248.0,0.0,102.0,1248768.0,18779.0,12.0,9.0,9.0
27,261,09397,11,1.0,1.0,1,26400,3217.0,2955.0,286140.0,1128937.0,524306.0,0.0,106293.0,979.0,1242.0,2226787.0,14891.0,16247.0,62231.0,62231.0
27,261,09397,11,1.0,1.0,1,26100,3082.0,2685.0,302203.0,2647054.0,1466877.0,0.0,86289.0,837.0,3761.0,7698503.0,49796.0,1735.0,178080.0,110947.0
27,260,09340,11,1.0,1.0,1,26300,48.0,22.0,10935.0,103995.0,100692.0,0.0,999.0,37.0,336.0,158791.0,5.0,109.0,3.0,3.0
27,261,09376,11,1.0,1.0,1,26100,262.0,230.0,78702.0,136446.0,105852.0,0.0,3085.0,0.0,5730.0,351033.0,389.0,1866.0,2719.0,2777.0
27,261,09397,11,2.0,,1,26300,31.0,13.0,4698.0,32680.0,17936.0,0.0,850.0,22.0,141.0,21859.0,571.0,6.0,555.0,555.0
27,260,09340,11,1.0,1.0,1,26300,44.0,20.0,6336.0,29789.0,16696.0,0.0,3434.0,0.0,0.0,32164.0,1.0,,1654.8,1953.9
27,261,09376,11,1.0,1.0,1,26100,183.0,150.0,13692.0,100079.0,68456.0,0.0,6852.0,15.0,282.0,232327.0,1133.0,2168.0,1402.0,1402.0
27,260,09340,11,1.0,1.0,1,26100,1105.0,946.0,64557.0,431833.0,158921.0,0.0,18269.0,62.0,6180.0,501249.0,6666.0,1589.0,2765.0,2765.0
27,260,09340,11,1.0,1.0,1,26100,4.0,2.0,2191.0,28746.0,22969.0,0.0,381.0,40.0,68.0,46983.0,891.0,1.0,10723.7,10723.7
27,261,09391,11,1.0,1.0,1,26100,83.0,44.0,6696.0,48977.0,27375.0,0.0,1000.0,50.0,31.0,50781.0,927.0,74.0,9278.8,9278.8
27,259,09265,11,1.0,1.0,1,26300,1577.0,1418.0,160371.0,2121881.0,1193763.0,0.0,77863.0,1821.0,1748.0,4990058.0,16754.0,22301.0,338494.0,339481.0
27,259,09283,11,2.0,,1,26100,21.0,9.0,2352.0,11486.0,3757.0,0.0,1123.0,0.0,0.0,13396.0,25.0,10.0,225.0,225.0
27,259,09265,11,1.0,1.0,1,26300,66.0,39.0,10474.0,114966.0,83039.0,0.0,8757.0,226.0,95.0,148740.0,208.0,358.0,2169.0,2169.0
27,259,09289,11,1.0,1.0,1,26300,295.0,235.0,34144.0,264147.0,128345.0,0.0,21848.0,1126.0,680.0,199319.0,7146.0,2471.0,12384.0,16371.0
27,259,09265,11,1.0,1.0,1,26300,2069.0,1549.0,64529.0,1180999.0,359177.0,0.0,106733.0,686.0,1473.0,1275991.0,32670.0,49131.0,28301.0,28301.0
27,259,09265,11,1.0,1.0,1,26300,1.0,,1521.0,21164.0,3853.0,0.0,1006.0,0.0,28.0,5072.0,2.0,1.0,4.0,4.0
27,259,09265,11,1.0,1.0,1,26300,1.0,0.0,123.0,4095.0,3659.0,0.0,9.0,0.0,0.0,1135.0,25.0,29.0,84.0,84.0
27,259,09265,11,1.0,1.0,1,26100,1.0,,132.0,5371.0,2829.0,0.0,483.0,0.0,0.0,475.0,,1.0,3.0,3.0
27,259,09265,11,1.0,1.0,1,26100,1.0,,11710.0,100223.0,51892.0,0.0,3510.0,35.0,7.0,105900.0,1057.0,427.0,5258.0,5258.0
27,259,09265,11,1.0,1.0,1,26300,412.0,296.0,63842.0,1009222.0,192588.0,0.0,35737.0,0.0,6866.0,531569.0,40957.0,985.0,8229.0,10243.0
27,256,09286,11,1.0,1.0,1,26100,10.0,1.0,1102.0,7486.0,5252.0,0.0,151.0,15.0,0.0,5334.0,126.0,,1077.0,1084.0
27,259,09265,11,1.0,1.0,1,26300,215.0,157.0,15451.0,180245.0,74319.0,0.0,21162.0,208.0,1661.0,229642.0,2311.0,1346.0,18447.0,19193.0
27,259,09265,11,1.0,1.0,1,26100,50.0,5.0,8431.0,90305.0,63359.0,0.0,2835.0,0.0,196.0,78347.0,2092.0,1289.0,5735.0,5359.0
27,259,09265,11,1.0,1.0,1,26100,85.0,21.0,11662.0,41070.0,20337.0,0.0,5350.0,0.0,0.0,17262.0,1009.0,849.0,1583.0,404.0
27,259,09280,11,1.0,1.0,1,26300,577.0,352.0,51718.0,322350.0,94455.0,0.0,35442.0,187.0,985.0,564526.0,10755.0,18696.0,26933.0,26789.0
27,259,09265,11,1.0,1.0,1,26300,1.0,,1121.0,14338.0,13040.0,0.0,227.0,0.0,0.0,41493.0,171.0,1.0,3299.0,3299.0
27,259,09265,11,1.0,1.0,1,26300,96.0,44.0,12627.0,138457.0,43838.0,0.0,0.0,0.0,0.0,56134.0,1304.0,568.0,5491.0,4832.0
27,259,09265,11,1.0,1.0,1,26300,5663.0,5226.0,331835.0,1897292.0,1031124.0,0.0,271473.0,611.0,1988.0,1992461.0,8351.0,1542.0,5902.0,9788.0
27,259,09265,11,1.0,1.0,1,26100,612.0,550.0,62732.0,123889.0,64298.0,0.0,1307.0,503.0,7.0,205760.0,1793.0,728.0,1000.0,932.0
27,259,09265,11,1.0,1.0,2,26300,5.0,2.0,210.0,3859.0,3836.0,0.0,315.0,0.0,0.0,0.0,312.0,1435.0,6.0,6.0
27,259,09265,11,1.0,1.0,1,26300,113.0,90.0,5520.0,55289.0,11496.0,0.0,5258.0,0.0,19.0,44558.0,1094.0,97.0,3815.0,3560.0
27,259,09265,11,1.0,1.0,1,26100,34.0,12.0,5747.0,25354.0,9402.0,0.0,3670.0,0.0,0.0,20230.0,131.0,158.0,3705.0,7333.0
27,259,09280,11,1.0,1.0,1,26300,52.0,35.0,5715.0,25847.0,15523.0,0.0,3025.0,0.0,9.0,33455.0,21.0,68.0,1152.0,192.0
27,259,09265,11,1.0,1.0,1,26300,1130.0,655.0,128760.0,693053.0,256926.0,0.0,42968.0,69.0,97.0,793779.0,19338.0,45397.0,12427.0,12427.0
27,259,09265,11,1.0,1.0,1,26300,22.0,15.0,3596.0,15213.0,5180.0,0.0,1302.0,87.0,33.0,13270.0,334.0,747.0,778.0,739.0
27,259,09265,11,1.0,1.0,1,26300,619.0,410.0,59981.0,282407.0,144010.0,0.0,33675.0,223.0,177.0,222557.0,5132.0,3420.0,13811.0,11149.0
27,259,09289,11,1.0,1.0,1,26100,1.0,,22604.0,494283.0,278210.0,0.0,10327.0,238.0,0.0,446017.0,7054.0,2.0,1261.0,875.0
27,259,09265,11,1.0,1.0,1,26300,70.0,41.0,16286.0,340143.0,164854.0,0.0,20795.0,0.0,203.0,364844.0,4529.0,10307.0,2293.0,2439.0
27,259,09265,11,1.0,1.0,1,26100,17.0,5.0,1570.0,24159.0,8819.0,72.0,3165.0,0.0,0.0,14952.0,85.0,35.0,350.0,350.0
27,259,09265,11,1.0,1.0,1,26300,27.0,15.0,2543.0,16966.0,11564.0,0.0,1224.0,184.0,17.0,19927.0,5.0,,1296.0,1697.0
27,259,09265,11,1.0,1.0,1,26100,2.0,1.0,130.0,18009.0,4650.0,0.0,658.0,7.0,0.0,7958.0,167.0,118.0,1345.0,1236.0
27,259,09265,11,1.0,1.0,1,26300,413.0,366.0,67367.0,239289.0,174825.0,0.0,17102.0,219.0,163.0,590292.0,254.0,1417.0,58289.0,48626.0
27,259,09265,11,1.0,1.0,1,26300,56.0,24.0,3772.0,23901.0,6871.0,0.0,1300.0,0.0,60.0,11628.0,354.0,128.0,150.0,134.0
27,259,09265,11,1.0,1.0,1,26300,2.0,,2440.0,25514.0,10506.0,0.0,328.0,0.0,1.0,7089.0,412.0,,2562.0,2021.0
27,256,09286,11,1.0,1.0,1,26400,1687.0,1274.0,200215.0,1672142.0,1310197.0,0.0,19372.0,628.0,1975.0,4074120.0,21944.0,421.0,29202.0,16383.0
30,295,10933,11,1.0,1.0,1,26200,211.0,146.0,27531.0,89697.0,71518.0,,422.0,3.0,169.0,126038.0,472.0,503.0,2922.9,2884.2
30,288,10540,11,1.0,1.0,1,26700,213.0,153.0,29491.0,502154.0,240888.0,,15482.0,371.0,563.0,125549.0,18662.0,525.0,7400.5,7400.5
30,295,10933,11,1.0,1.0,1,26100,688.0,526.0,85391.0,604481.0,271351.0,,22907.0,2390.0,791.0,582858.0,2067.0,1162.0,13031.2,11607.1
30,288,10540,11,1.0,1.0,1,26300,294.0,136.0,10651.0,131245.0,55375.0,,9662.0,211.0,251.0,130734.0,284.0,,3.0,3.0
30,288,10540,11,1.0,1.0,1,26100,213.0,69.0,24052.0,399216.0,106535.0,,15981.0,2730.0,1710.0,129075.0,9519.0,1752.0,22062.0,22062.0
30,295,10930,11,1.0,1.0,1,26100,948.0,780.0,90117.0,1472027.0,419695.0,,40249.0,,25969.0,1100002.0,1296.0,32.0,5612.5,4225.2
30,295,10933,11,1.0,1.0,1,26100,75.0,54.0,7032.0,22543.0,12516.0,,525.0,,38.0,27253.0,439.0,1292.0,112.0,112.0
30,295,10933,11,1.0,1.0,1,26100,274.0,92.0,28831.0,172628.0,67393.0,,7677.0,,2844.0,185078.0,1915.0,,45.0,45.0
30,293,10750,11,1.0,1.0,1,26300,5.0,3.0,5375.0,29316.0,11807.0,,1990.0,87.0,2.0,17287.0,254.0,727.0,676.7,676.7
30,293,10750,11,1.0,1.0,1,26400,1590.0,1453.0,108967.0,111810.0,91129.0,,1241.0,2.0,458.0,206580.0,425.0,1776.0,17381.0,15287.0
30,295,10930,11,1.0,1.0,1,26100,164.0,107.0,8765.0,138418.0,39374.0,,8291.0,48.0,206.0,32223.0,1207.0,308.0,6141.2,6141.2
30,288,10507,11,2.0,,1,26100,96.0,89.0,8383.0,44904.0,30608.0,,1814.0,56.0,382.0,16359.0,278.0,176.0,127.3,127.3
30,295,10891,11,1.0,1.0,1,26700,5.0,2.0,614.0,5117.0,2234.0,,62.0,,208.0,35.0,138.0,30.0,3.0,3.0
30,295,10924,11,2.0,,1,26100,40.0,36.0,3018.0,4760.0,4217.0,,,81.0,1.0,4598.0,87.0,31.0,167.0,167.0
30,295,10891,11,1.0,1.0,1,26100,23.0,2.0,1605.0,16122.0,12493.0,,865.0,,24.0,21048.0,190.0,110.0,2819.0,1432.0
30,295,10933,11,1.0,1.0,1,26100,31.0,19.0,2438.0,47843.0,21752.0,,1195.0,,15.0,31650.0,544.0,,3.0,3.0
30,295,10891,11,1.0,1.0,1,26300,10.0,4.0,2531.0,65817.0,4932.0,,812.0,3.0,14.0,201.0,2084.0,996.0,276.7,276.7
30,295,10933,11,1.0,1.0,1,26100,252.0,114.0,18508.0,265971.0,137780.0,,7849.0,42.0,125.0,141729.0,9381.0,,3.0,3.0
30,293,10750,11,1.0,1.0,1,26400,207.0,125.0,26110.0,172995.0,109636.0,,9219.0,52.0,369.0,193302.0,1078.0,261.0,7294.0,7936.0
30,293,10783,8,2.0,,1,26300,24.0,16.0,1998.0,6684.0,2262.0,,1190.0,69.0,,6981.0,96.0,248.0,15.4,15.4
30,297,10999,8,2.0,,1,26300,10.0,6.0,531.0,17978.0,17267.0,,186.0,,,2769.0,148.0,,126.0,126.0
30,290,10546,8,2.0,,1,26300,161.0,38.0,9429.0,8429.0,5954.0,,33.0,42.0,,12303.0,71.0,3.0,58.0,439.2
30,288,10528,8,2.0,,1,26400,3.0,,193.0,2230.0,2164.0,,10.0,,,482.0,,,48.0,2.0
30,295,10930,11,1.0,1.0,1,26300,902.0,805.0,118628.0,991393.0,298598.0,,38000.0,205.0,2146.0,1006296.0,27227.0,51700.0,7366.0,7366.0
30,295,10930,11,1.0,2.0,1,26100,2523.0,1897.0,211542.0,2091117.0,1585669.0,,79522.0,,8023.0,3505837.0,10684.0,,16845.0,14382.0
30,295,10933,11,1.0,1.0,1,26200,7964.0,6614.0,520333.0,4622993.0,3279551.0,,139103.0,2474.0,29829.0,10719349.0,3800.0,1276.0,23416.0,24771.0
30,288,10660,11,1.0,2.0,1,26100,1817.0,1656.0,135456.0,976107.0,576335.0,,30752.0,,132.0,1635691.0,50310.0,11616.0,1297.3,1311.4
30,288,10660,11,1.0,1.0,1,26100,2199.0,1864.0,183584.0,1538270.0,703396.0,,180277.0,21.0,1096.0,2637288.0,17402.0,2378.0,163962.0,164518.0
30,295,10936,11,1.0,2.0,1,26100,1243.0,977.0,90507.0,498904.0,330567.0,,20856.0,,1300.0,897771.0,2907.0,1282.0,2397.0,2711.0
30,288,10660,11,1.0,1.0,1,26400,887.0,822.0,46987.0,617044.0,459518.0,,36977.0,1723.0,256.0,1028103.0,9721.0,1338.0,17095.0,17095.0
30,288,10540,11,1.0,1.0,1,26100,465.0,382.0,41209.0,341302.0,135455.0,,1943.0,,1486.0,332123.0,2554.0,6.0,3596.0,8656.0
30,295,10936,11,1.0,2.0,1,26100,380.0,215.0,35593.0,419656.0,215706.0,,27702.0,40.0,1580.0,576069.0,3935.0,1703.0,3974.0,4962.0
31,312,11599,11,2.0,,1,26400,528.0,407.0,42569.0,272725.0,196440.0,0.0,3135.0,176.0,1201.0,402040.0,360.0,81.0,969.0,969.0
31,312,11611,11,2.0,,1,26510,188.0,159.0,13927.0,83178.0,83178.0,0.0,14641.0,34.0,147.0,182428.0,832.0,24530.0,843.0,843.0
31,312,11611,11,1.0,1.0,1,26400,807.0,650.0,125839.0,716076.0,210150.0,0.0,24570.0,129.0,2190.0,1473877.0,12775.0,203.0,208.0,208.0
31,312,11599,11,1.0,1.0,1,26510,86.0,75.0,7220.0,29148.0,25265.0,0.0,102.0,0.0,46.0,65648.0,855.0,541.0,37.0,1484.0
31,312,11599,11,1.0,1.0,1,26400,1708.0,1618.0,190500.0,1188950.0,734536.0,0.0,5029.0,182.0,1538.0,1909499.0,355.0,4444.0,5372.0,5540.0
31,312,11611,11,1.0,1.0,1,26200,4.0,,2552.0,724082.0,89057.0,0.0,7553.0,0.0,1217.0,6749.0,2052.0,,7770.0,7770.0
31,312,11611,11,2.0,,1,26100,142.0,69.0,8726.0,1473598.0,370170.0,0.0,78095.0,988.0,1093.0,551479.0,20629.0,459.0,104815.0,104815.0
31,312,11611,11,1.0,1.0,1,26400,810.0,242.0,130016.0,18175168.0,11542658.0,239229.0,398774.0,7656.0,18184.0,39589671.0,592594.0,49037.0,5.0,5.0
31,312,11611,11,1.0,1.0,1,26510,6.0,5.0,7810.0,416626.0,201703.0,4530.0,3879.0,188.0,353.0,268336.0,3116.0,,3.0,3.0
31,305,11389,9,2.0,,1,26100,42.0,11.0,2778.0,11163.0,4564.0,0.0,1184.0,0.0,0.0,17995.0,,,36.0,43.0
31,305,11389,8,2.0,,1,26510,5.0,2.0,108.0,1170.0,912.0,0.0,7.0,0.0,0.0,212.0,,,63.0,68.0
31,305,11404,8,2.0,,1,26510,6.0,3.0,70.0,1967.0,1861.0,0.0,0.0,0.0,0.0,427.0,,,22.2,26.2
31,312,11599,11,1.0,1.0,1,26100,993.0,952.0,66662.0,106042.0,75908.0,9045.0,2970.0,0.0,192.0,288903.0,1295.0,997.0,1682.0,1682.0
31,311,11545,11,1.0,1.0,1,26400,121.0,111.0,16921.0,86104.0,41999.0,0.0,3675.0,0.0,35.0,97058.0,377.0,687.0,734.5,724.0
31,308,11455,11,1.0,1.0,1,26800,29.0,9.0,1848.0,96373.0,78637.0,0.0,12084.0,0.0,0.0,41612.0,27.0,110.0,3.0,3.0
31,312,11611,13,1.0,1.0,1,26100,400.0,199.0,51057.0,1044785.0,89975.0,0.0,62087.0,0.0,2243.0,215374.0,63397.0,26742.0,26480.0,23404.0
31,312,11611,11,1.0,1.0,1,26100,3.0,1.0,6658.0,59878.0,6711.0,0.0,4833.0,161.0,475.0,7058.0,169.0,,3.0,3.0
31,311,11521,13,2.0,,1,26600,60.0,4.0,8957.0,27315.0,26875.0,0.0,150.0,0.0,0.0,80253.0,,,148.0,108.0
31,304,11338,6,2.0,,1,26520,11.0,2.0,470.0,1187.0,1187.0,0.0,0.0,0.0,0.0,2238.0,,,182.0,205.0
31,304,11359,8,2.0,,1,26100,12.0,6.0,1152.0,15209.0,14691.0,0.0,0.0,135.0,0.0,18182.0,,,61.0,36.0
31,304,11350,9,2.0,,1,26400,12.0,2.0,720.0,15566.0,13914.0,0.0,184.0,0.0,0.0,11476.0,112.0,,48.0,272.0
31,311,11551,11,1.0,1.0,1,26100,136.0,70.0,8984.6,307402.0,215463.0,0.0,835.0,190.0,163.0,36757.0,182.0,217.0,3.0,3.0
31,304,11329,9,2.0,,1,26510,17.0,4.0,1548.0,8780.0,7272.0,0.0,0.0,246.0,0.0,16531.0,34.0,,39.0,52.0
31,303,11299,8,2.0,,1,26100,9.0,5.0,594.0,1691.0,1630.0,0.0,0.0,12.0,0.0,1858.0,,,1.0,1.0
31,303,11317,8,2.0,,1,26400,9.0,3.0,712.8,16960.0,14845.0,0.0,20.0,28.0,23.0,5390.0,111.0,490.0,181.2,250.1
31,303,11308,8,2.0,,1,26400,45.0,9.0,650.0,17609.0,14986.0,0.0,304.0,0.0,0.0,3868.0,485.0,7.0,39.0,4.0
33,326,12043,8,2.0,0.0,1,26520,7.0,3.0,103.0,1599.0,1018.0,0.0,0.0,0.0,0.0,429.0,16.0,0.0,24.0,3.0
33,326,12037,8,2.0,0.0,1,26100,278.0,183.0,30676.0,519492.0,282439.0,0.0,125507.0,5111.0,6467.0,211465.0,13790.0,1631.0,65000.0,64341.0
33,327,12067,11,1.0,1.0,1,26100,227.0,177.0,18341.0,121307.0,63468.0,0.0,18609.0,60.0,196.0,102290.0,877.0,25.0,3331.0,2357.0
33,327,12067,11,1.0,1.0,1,26100,842.0,515.0,70558.0,1986739.0,458236.0,0.0,182527.0,263.0,8724.0,37009.0,132.0,1305.0,29212.0,29212.0
33,327,12067,11,1.0,1.0,1,26510,6.0,3.0,1236.0,100030.0,5461.0,0.0,2725.0,0.0,67.0,1107.0,1293.0,0.0,38.0,38.0
33,328,12118,11,2.0,0.0,1,26100,1067.0,900.0,84070.0,375121.0,135406.0,0.0,19651.0,125.0,0.0,157728.0,189.0,63.0,24621.0,23981.0
33,325,11989,8,2.0,0.0,1,26400,3.0,1.0,50.0,1036.0,695.0,0.0,0.0,0.0,0.0,20.0,0.0,0.0,3.0,3.0
33,325,11989,8,2.0,0.0,1,26400,5.0,1.0,298.0,1286.0,1286.0,0.0,0.0,0.0,0.0,1042.0,0.0,0.0,26.0,26.0
33,325,12007,11,2.0,0.0,2,26100,4.0,2.0,48.0,61102.0,61102.0,0.0,0.0,0.0,0.0,0.0,0.0,25.0,1.0,1.0
33,325,12001,11,1.0,1.0,1,26100,235.0,222.0,30842.0,283851.0,152919.0,0.0,3037.0,25.0,233.0,52849.0,937.0,20.0,20.0,20.0
33,325,12001,11,1.0,1.0,1,26400,318.0,296.0,22201.0,39723.0,32296.0,0.0,1510.0,0.0,18.0,97281.0,157.0,3089.0,3144.0,3144.0
33,328,12136,11,2.0,0.0,1,26300,120.0,90.0,6497.0,48717.0,34718.0,0.0,2544.0,0.0,78.0,15302.0,13.0,26.0,411.0,411.0
33,328,12121,11,1.0,1.0,1,26300,12.0,6.0,4176.0,21924.0,16155.0,0.0,220.0,130.0,103.0,13882.0,38.0,0.0,596.0,596.0
33,328,12136,11,2.0,0.0,1,26300,103.0,75.0,4373.0,67674.0,26499.0,0.0,11282.0,421.0,44.0,44345.0,304.0,417.0,6057.6,5986.5
33,328,12121,11,1.0,2.0,1,26200,2.0,1.0,1565.0,162798.0,20124.0,0.0,1981.0,27.0,169.0,585.0,3570.0,9.0,637.0,411.0
33,325,12001,8,2.0,0.0,1,26100,20.0,14.0,1799.0,1114.0,679.0,0.0,44.0,0.0,0.0,2470.0,44.0,653.0,93.0,80.0
33,325,11989,8,2.0,0.0,1,26400,20.0,17.0,919.0,740.0,713.0,0.0,0.0,0.0,0.0,1037.0,0.0,0.0,105.0,82.0
33,327,12058,11,1.0,1.0,2,26100,53.0,47.0,1193.0,2075.0,2070.0,0.0,15.0,24.0,0.0,2509.0,0.0,3081.0,38.0,38.0
33,325,12013,11,2.0,0.0,1,26100,24.0,13.0,2495.0,30585.0,7888.0,0.0,1318.0,232.0,24.0,15012.0,458.0,0.0,182.0,182.0
33,331,12298,8,2.0,0.0,1,26400,240.0,198.0,7036.0,6737.0,4573.0,0.0,0.0,0.0,0.0,7316.0,236.0,0.0,323.0,323.0
33,331,12301,8,2.0,0.0,1,26400,67.0,60.0,1020.0,8079.0,7053.0,0.0,0.0,159.0,0.0,123.0,0.0,0.0,14.0,14.0
33,331,12301,8,2.0,0.0,1,26400,78.0,60.0,1343.0,8472.0,7307.0,0.0,58.0,0.0,0.0,1461.0,129.0,0.0,402.0,42.0
33,331,12298,8,2.0,0.0,1,26400,35.0,26.0,3032.0,7215.0,5669.0,0.0,220.0,7.0,0.0,2482.0,0.0,0.0,2.0,2.0
33,331,12322,11,2.0,0.0,1,26100,32.0,26.0,2784.0,4445.0,3965.0,0.0,28.0,0.0,0.0,5238.0,0.0,0.0,84.0,84.0
33,328,12124,8,2.0,0.0,1,26100,23.0,11.0,226.5,13969.0,3762.0,0.0,441.0,0.0,0.0,1348.0,0.0,0.0,3.0,3.0
33,325,12016,11,1.0,1.0,1,26700,1006.0,925.0,54983.0,407326.0,286502.0,7861.0,39958.0,487.0,4407.0,183381.0,838.0,4936.0,8949.0,7952.0
33,325,12016,11,1.0,1.0,1,26100,150.0,120.0,9288.0,51408.0,37763.0,0.0,1926.0,53.0,0.0,55249.0,158.0,0.0,450.0,450.0
33,325,12016,11,1.0,1.0,1,26400,20.0,3.0,1610.0,24642.0,4369.0,0.0,3042.0,20.0,0.0,14195.0,286.0,0.7,1655.0,1655.0
33,325,12016,11,1.0,1.0,1,26200,607.0,545.0,45690.0,219103.0,166951.0,0.0,10370.0,239.0,143.0,128735.0,1296.0,17.0,850.0,562.0
33,325,12016,11,1.0,1.0,1,26100,272.0,247.0,22017.0,38580.0,29357.0,0.0,12845.0,511.0,277.0,81078.0,836.0,102.0,182.5,182.5
33,327,12058,11,1.0,1.0,1,26100,39.0,20.0,5995.0,492362.0,286993.0,0.0,10374.0,1510.0,1642.0,113789.0,242.0,1.0,3223.0,3425.0
33,327,12067,11,1.0,1.0,1,26100,3281.0,2449.0,78783.0,5003240.0,3738273.0,0.0,734217.0,0.0,4699.0,366277.0,1792.0,80.0,1459.0,998.0
33,327,12058,11,1.0,1.0,1,26100,29.0,24.0,3739.0,18495.0,6399.0,0.0,314.0,48.0,0.0,4449.0,74.0,186.0,78.0,78.0
33,328,12136,11,2.0,0.0,1,26100,12.0,0.0,2102.0,14596.0,9287.0,0.0,580.0,0.0,0.0,12535.0,0.0,44.0,626.1,627.4
33,323,12388,8,2.0,0.0,1,26100,25.0,19.0,316.0,1513.0,1335.0,0.0,0.0,0.0,0.0,380.0,0.0,0.0,38.0,25.0
34,336,12448,11,1.0,1.0,1,26400,1010.0,910.0,74154.0,54947.0,33396.0,,1322.0,109.0,127.0,163318.0,411.0,488.0,4155.0,7159.0
34,339,12586,8,2.0,,1,26400,180.0,165.0,8239.0,9081.0,9049.0,,,,,11900.0,24.0,1.0,2.0,2.0
34,336,12436,8,2.0,,2,26400,1.0,,15.0,3493.0,476.0,,10.0,4.0,,0.0,,,0.5,0.5
34,339,12667,9,2.0,,1,26400,105.0,85.0,3780.0,11464.0,2769.0,,978.0,,,5058.0,,,63.7,11.0
34,336,12448,11,1.0,1.0,1,26400,571.0,510.0,27007.5,74740.4,65511.0,,1111.0,351.0,1.0,123233.8,326.9,6.0,4100.0,4100.0
34,340,12730,8,2.0,,1,26400,50.0,25.0,4536.9,36768.0,24041.7,,410.8,270.0,35.6,15533.5,87.1,49.7,28.4,28.4
35,349,13324,11,1.0,1.0,1,26200,1351.0,877.0,65386.0,969076.0,482768.0,0.0,36848.0,800.0,65.0,917182.0,8102.0,3183.0,5649.0,5681.0
35,347,13318,11,1.0,1.0,1,26300,380.0,305.0,47877.0,66331.0,41428.0,0.0,1010.0,785.0,48.0,114510.0,4952.0,243.0,260.0,260.0
35,349,13321,11,1.0,1.0,1,26100,58.0,38.0,7015.0,98231.0,22936.0,0.0,1894.0,152.0,119.0,24573.0,2661.0,36.0,3268.0,3393.0
35,349,13321,11,1.0,1.0,1,26300,2098.0,2003.0,88939.0,774414.0,467879.0,0.0,30187.0,0.0,1505.0,1240391.0,10921.0,91.0,8452.0,8452.0
35,349,13333,11,1.0,1.0,1,26400,1142.0,677.0,122076.0,1075564.0,708604.0,0.0,27515.0,193.0,3898.0,1400350.0,53075.0,941.0,54.0,54.0
35,349,13333,11,1.0,1.0,1,26200,300.0,245.0,15737.0,83380.0,18932.0,0.0,4464.0,461.0,93.0,25101.0,3442.0,103.0,25.0,25.0
35,349,13333,11,1.0,1.0,1,26200,159.0,142.0,8250.0,5334.0,4689.0,0.0,22.0,0.0,0.0,11472.0,26.0,0.0,25.0,25.0
35,349,13321,11,1.0,1.0,1,26300,23.0,15.0,2834.0,11314.0,9823.0,0.0,12.0,0.0,44.0,28856.0,128.0,0.0,3213.0,2818.0
35,349,13357,11,2.0,0.0,1,26400,27.0,25.0,1803.0,9548.0,2630.0,0.0,699.0,0.0,0.0,1901.0,0.0,0.0,77.0,84.0
35,349,13321,11,1.0,1.0,1,26100,40.0,30.0,7445.0,6427.0,5581.0,0.0,182.0,0.0,0.0,5447.0,15.0,3.0,220.0,220.0
35,349,13333,11,1.0,1.0,1,26100,300.0,243.0,35137.1,744663.0,166728.0,0.0,47148.0,2307.0,199.0,459462.0,18818.0,26314.0,62019.0,61513.0
35,349,13348,8,2.0,0.0,1,26400,1.0,0.0,498.0,1774.0,1774.0,0.0,0.0,0.0,0.0,547.0,0.0,0.0,36.8,36.8
35,349,13321,11,1.0,1.0,1,26100,77.0,51.0,9712.0,35122.0,15631.0,0.0,4376.0,29.0,10.0,59020.0,37.0,2.0,6554.0,5393.0
35,347,13318,11,1.0,1.0,1,26200,143.0,37.0,8346.0,52718.0,4859.0,0.0,2442.0,198.0,207.0,25053.0,783.0,3.0,121.0,121.0
35,349,13324,11,1.0,1.0,1,26100,67.0,20.0,7031.0,60704.0,15386.0,0.0,3036.0,279.0,273.0,37033.0,455.0,4.0,720.0,795.0
35,349,13333,11,1.0,1.0,1,26100,154.0,36.0,22797.0,78060.0,34601.0,0.0,11887.0,88.0,1.0,91782.0,514.0,9.0,74.0,76.0
35,349,13321,11,1.0,1.0,1,26400,6.0,3.0,18765.0,239536.0,58009.0,0.0,2075.0,157.0,165.0,57864.0,4965.0,2.0,324.0,333.0
35,347,13318,11,1.0,1.0,1,26100,410.0,380.0,22273.0,229777.0,96957.0,0.0,9979.0,173.0,15.0,157075.0,2822.0,224.0,482.0,453.0
35,350,13435,11,2.0,0.0,1,26400,52.0,38.0,10274.0,5663.0,3647.0,0.0,73.0,0.0,0.0,15685.0,6.0,20.0,689.0,689.0
35,347,13318,11,1.0,1.0,1,26200,3.0,1.0,1193.0,3932.0,1016.0,0.0,752.0,0.0,0.0,2154.0,0.0,0.0,2.0,2.0
35,349,13333,11,1.0,1.0,1,26300,1.0,0.0,18797.0,92084.0,21103.0,0.0,55.0,49.0,19.0,24628.0,2183.0,0.0,2.0,2.0
35,349,13333,11,1.0,1.0,1,26200,21.0,9.0,7100.0,86832.0,22749.0,0.0,2710.0,130.0,111.0,18731.0,33.0,2.0,79.0,76.0
35,349,13324,11,1.0,1.0,1,26100,14.0,5.0,42717.0,264166.0,71069.0,0.0,6792.0,302.0,0.0,174793.0,5501.0,233.0,4791.0,4013.0
35,349,13336,11,1.0,1.0,1,26100,465.0,418.0,32519.0,67908.0,18838.0,0.0,30.0,0.0,0.0,52077.0,214.0,43.0,1869.0,1818.0
35,349,13324,11,1.0,1.0,1,26400,270.0,187.0,13015.0,90545.0,9431.0,0.0,2394.0,154.0,0.0,5940.0,654.0,617.0,25.0,25.0
35,347,13291,8,2.0,0.0,1,26300,54.0,38.0,3702.7,3028.6,2344.7,0.0,0.0,29.9,0.0,4563.3,0.0,1.7,3.0,3.0
35,347,13318,11,1.0,1.0,1,26100,283.0,95.0,30314.0,303219.0,156121.0,0.0,10230.0,167.0,2117.0,272774.0,6261.0,70.0,1254.0,1335.0
35,349,13333,11,1.0,1.0,1,26100,1.0,0.0,375.0,9049.0,286.0,0.0,0.0,0.0,0.0,418.0,1.0,0.0,3.0,0.0
35,347,13291,8,2.0,0.0,1,26400,2.0,1.0,105.0,200.0,200.0,0.0,0.0,0.0,0.0,160.0,0.0,0.0,1.5,1.5
35,349,13324,11,1.0,1.0,1,26400,258.0,123.0,7773.0,90545.0,9430.0,0.0,3879.0,13.0,390.0,5940.0,654.0,617.0,1531.0,1235.0
36,356,13699,11,1.0,1.0,1,26100,170.0,140.0,10289.0,7510.0,3786.0,0.0,564.0,0.0,0.0,3950.0,95.0,,386.0,175.0
36,366,14248,11,2.0,,1,26100,188.0,167.0,8167.0,159777.0,53092.0,0.0,527.0,387.0,0.0,8588.0,180.0,4.0,3128.0,3128.0
36,362,13966,8,2.0,,1,26300,13.0,5.0,857.0,3066.0,3066.0,0.0,0.0,0.0,0.0,5235.0,2.0,,29.0,16.0
37,373,14479,11,2.0,,1,26100,207.0,187.0,20655.0,150763.0,78736.0,,8561.0,270.0,26.0,244322.0,601.0,131.0,6232.0,4136.0
37,373,14485,11,1.0,1.0,1,26400,451.0,438.0,22819.0,97004.0,85555.0,,71.0,2054.0,223.0,164120.0,1171.0,89.0,882.0,1177.0
37,375,14566,11,1.0,1.0,1,26700,105.0,78.0,7683.0,73874.0,42359.0,,8219.0,,,29391.0,102.0,250.0,108.0,108.0
37,369,14356,11,1.0,1.0,1,26300,2801.0,2626.0,196060.0,3110002.0,1548894.0,,122387.0,644.0,4731.0,4758354.0,51786.0,3119.0,986.0,1057.0
37,373,14494,11,1.0,1.0,1,26400,403.0,383.0,29053.0,40668.0,31295.0,,959.0,54.0,,70579.0,83.0,4562.0,4754.0,4439.0
